ASV_1	./22S3VL55-9.ffnFFDBDINC_02169	100.000	370	0	0	1	370	335	704	0.0	684
ASV_1	./22S3VL55-8.ffnJGEOLGDO_03081	100.000	370	0	0	1	370	334	703	0.0	684
ASV_1	./22S3VL55-8.ffnJGEOLGDO_02390	100.000	370	0	0	1	370	334	703	0.0	684
ASV_1	./22S3VL55-8.ffnJGEOLGDO_00001	100.000	370	0	0	1	370	334	703	0.0	684
ASV_1	./22S3VL55-1.ffnIIHOABKB_05124	100.000	370	0	0	1	370	334	703	0.0	684
ASV_1	./22S3VL55-10.ffnJIGMACFP_07385	100.000	370	0	0	1	370	334	703	0.0	684
ASV_1	./22S3VL55-10.ffnJIGMACFP_05957	100.000	370	0	0	1	370	334	703	0.0	684
ASV_1	./22S3VL55-10.ffnJIGMACFP_02277	100.000	370	0	0	1	370	334	703	0.0	684
ASV_1	./22S3R2A-8.ffnPLPEKBLD_02383	100.000	370	0	0	1	370	338	707	0.0	684
ASV_1	./22S3R2A-8.ffnPLPEKBLD_01352	100.000	370	0	0	1	370	338	707	0.0	684
ASV_1	./22S3R2A-8.ffnPLPEKBLD_00282	100.000	370	0	0	1	370	338	707	0.0	684
ASV_1	./22S3R2A-7.ffnJJJCMMMI_03545	100.000	370	0	0	1	370	334	703	0.0	684
ASV_1	./22S3R2A-7.ffnJJJCMMMI_01959	100.000	370	0	0	1	370	334	703	0.0	684
ASV_1	./22S3R2A-7.ffnJJJCMMMI_00670	100.000	370	0	0	1	370	334	703	0.0	684
ASV_1	./22S3R2A-7.ffnJJJCMMMI_00001	100.000	370	0	0	1	370	334	703	0.0	684
ASV_1	./22S3L9-2.ffnKLFNAHJC_04037	100.000	370	0	0	1	370	334	703	0.0	684
ASV_1	./22S3L9-2.ffnKLFNAHJC_03840	100.000	370	0	0	1	370	334	703	0.0	684
ASV_1	./22S3L9-2.ffnKLFNAHJC_02602	100.000	370	0	0	1	370	334	703	0.0	684
ASV_1	./22S3L9-2.ffnKLFNAHJC_00801	100.000	370	0	0	1	370	334	703	0.0	684
ASV_1	./22S3L9-1.ffnFOGINABH_02417	100.000	370	0	0	1	370	334	703	0.0	684
ASV_1	./22S2VL55-6.ffnKNAHPENJ_03517	100.000	370	0	0	1	370	338	707	0.0	684
ASV_1	./22S2VL55-6.ffnKNAHPENJ_02535	100.000	370	0	0	1	370	338	707	0.0	684
ASV_1	./22S2VL55-6.ffnKNAHPENJ_00670	100.000	370	0	0	1	370	338	707	0.0	684
ASV_1	./22S2VL55-6.ffnKNAHPENJ_00006	100.000	370	0	0	1	370	338	707	0.0	684
ASV_1	./22S2VL55-5.ffnOEENAJGC_03458	100.000	370	0	0	1	370	338	707	0.0	684
ASV_1	./22S2VL55-5.ffnOEENAJGC_02493	100.000	370	0	0	1	370	338	707	0.0	684
ASV_1	./22S2VL55-5.ffnOEENAJGC_00648	100.000	370	0	0	1	370	338	707	0.0	684
ASV_1	./22S2VL55-5.ffnOEENAJGC_00005	100.000	370	0	0	1	370	338	707	0.0	684
ASV_1	./22S2VL55-2.ffnMOEKNMGI_03851	100.000	370	0	0	1	370	338	707	0.0	684
ASV_1	./22S2VL55-2.ffnMOEKNMGI_03039	100.000	370	0	0	1	370	338	707	0.0	684
ASV_1	./22S2VL55-2.ffnMOEKNMGI_01949	100.000	370	0	0	1	370	338	707	0.0	684
ASV_1	./22S2VL55-2.ffnMOEKNMGI_00008	100.000	370	0	0	1	370	338	707	0.0	684
ASV_1	./22S2R2A-6.ffnDAGOMMBH_03419	100.000	370	0	0	1	370	338	707	0.0	684
ASV_1	./22S2R2A-6.ffnDAGOMMBH_02661	100.000	370	0	0	1	370	334	703	0.0	684
ASV_1	./22S2R2A-6.ffnDAGOMMBH_00881	100.000	370	0	0	1	370	334	703	0.0	684
ASV_1	./22S2R2A-6.ffnDAGOMMBH_00007	100.000	370	0	0	1	370	338	707	0.0	684
ASV_1	./22S2R2A-6.ffnDAGOMMBH_00006	100.000	370	0	0	1	370	334	703	0.0	684
ASV_1	./22S2R2A-4.ffnNFKDFKDC_06647	100.000	370	0	0	1	370	338	707	0.0	684
ASV_1	./22S2R2A-4.ffnNFKDFKDC_06184	100.000	370	0	0	1	370	338	707	0.0	684
ASV_1	./22S2R2A-4.ffnNFKDFKDC_05217	100.000	370	0	0	1	370	334	703	0.0	684
ASV_1	./22S2R2A-4.ffnNFKDFKDC_03237	100.000	370	0	0	1	370	334	703	0.0	684
ASV_1	./22S2R2A-4.ffnNFKDFKDC_02168	100.000	370	0	0	1	370	334	703	0.0	684
ASV_1	./22S2PE-4.ffnIMBOBKJC_03006	100.000	370	0	0	1	370	334	703	0.0	684
ASV_1	./22S2PE-4.ffnIMBOBKJC_01438	100.000	370	0	0	1	370	334	703	0.0	684
ASV_1	./22S2NFb-7.ffnLPBIPBNI_02784	100.000	370	0	0	1	370	334	703	0.0	684
ASV_1	./22S2NFb-7.ffnLPBIPBNI_01631	100.000	370	0	0	1	370	334	703	0.0	684
ASV_1	./22S2NFb-7.ffnLPBIPBNI_00886	100.000	370	0	0	1	370	334	703	0.0	684
ASV_1	./22S2NFb-7.ffnLPBIPBNI_00001	100.000	370	0	0	1	370	334	703	0.0	684
ASV_1	./22S1VL55-6.ffnLJLGOKND_06084	100.000	370	0	0	1	370	334	703	0.0	684
ASV_1	./22S1VL55-6.ffnLJLGOKND_04424	100.000	370	0	0	1	370	334	703	0.0	684
ASV_1	./22S1VL55-6.ffnLJLGOKND_02488	100.000	370	0	0	1	370	334	703	0.0	684
ASV_1	./22S1VL55-6.ffnLJLGOKND_01135	100.000	370	0	0	1	370	334	703	0.0	684
ASV_1	./22S1VL55-4.ffnGADOMPKD_03431	100.000	370	0	0	1	370	334	703	0.0	684
ASV_1	./22S1VL55-4.ffnGADOMPKD_01855	100.000	370	0	0	1	370	338	707	0.0	684
ASV_1	./22S1VL55-1.ffnBCDOJGLM_03407	100.000	370	0	0	1	370	334	703	0.0	684
ASV_1	./22S1VL55-1.ffnBCDOJGLM_02497	100.000	370	0	0	1	370	337	706	0.0	684
ASV_1	./22S1VL55-1.ffnBCDOJGLM_01671	100.000	370	0	0	1	370	337	706	0.0	684
ASV_1	./22S1R2A-9.ffnAHOJGJCP_03717	100.000	370	0	0	1	370	334	703	0.0	684
ASV_1	./22S1R2A-9.ffnAHOJGJCP_01979	100.000	370	0	0	1	370	333	702	0.0	684
ASV_1	./22S1R2A-9.ffnAHOJGJCP_00910	100.000	370	0	0	1	370	334	703	0.0	684
ASV_1	./22S1R2A-9.ffnAHOJGJCP_00773	100.000	370	0	0	1	370	334	703	0.0	684
ASV_1	./22S1R2A-4.ffnCHIAHDNJ_03497	100.000	370	0	0	1	370	334	703	0.0	684
ASV_1	./22S1R2A-4.ffnCHIAHDNJ_01824	100.000	370	0	0	1	370	334	703	0.0	684
ASV_1	./22S1R2A-4.ffnCHIAHDNJ_01658	100.000	370	0	0	1	370	334	703	0.0	684
ASV_1	./22S1R2A-4.ffnCHIAHDNJ_00678	100.000	370	0	0	1	370	334	703	0.0	684
ASV_1	./22S1R2A-3.ffnGNDNEGFG_01090	100.000	370	0	0	1	370	334	703	0.0	684
ASV_1	./22S1R2A-3.ffnGNDNEGFG_00952	100.000	370	0	0	1	370	334	703	0.0	684
ASV_1	./22S1PE-3.ffnHABIJJNN_03697	100.000	370	0	0	1	370	334	703	0.0	684
ASV_1	./22S1PE-3.ffnHABIJJNN_02813	100.000	370	0	0	1	370	334	703	0.0	684
ASV_1	./22S1PE-3.ffnHABIJJNN_02004	100.000	370	0	0	1	370	338	707	0.0	684
ASV_1	./22S1PE-3.ffnHABIJJNN_00006	100.000	370	0	0	1	370	338	707	0.0	684
ASV_1	./22S1PE-2.ffnFAMNPIPJ_08216	100.000	370	0	0	1	370	333	702	0.0	684
ASV_1	./22S1PE-2.ffnFAMNPIPJ_07481	100.000	370	0	0	1	370	338	707	0.0	684
ASV_1	./22S1PE-2.ffnFAMNPIPJ_05293	100.000	370	0	0	1	370	338	707	0.0	684
ASV_1	./22S1PE-28.ffnHINJEFHI_04512	100.000	370	0	0	1	370	334	703	0.0	684
ASV_1	./22S1PE-28.ffnHINJEFHI_03284	100.000	370	0	0	1	370	334	703	0.0	684
ASV_1	./22S1PE-28.ffnHINJEFHI_00005	100.000	370	0	0	1	370	334	703	0.0	684
ASV_1	./22S1PE-1.ffnPGDNGNMB_03055	100.000	370	0	0	1	370	337	706	0.0	684
ASV_1	./22S1L9-1.ffnOKJANMNO_02309	100.000	370	0	0	1	370	334	703	0.0	684
ASV_1	./22S1L9-1.ffnOKJANMNO_01397	100.000	370	0	0	1	370	334	703	0.0	684
ASV_1	./22S1L9-1.ffnOKJANMNO_01251	100.000	370	0	0	1	370	334	703	0.0	684
ASV_1	./22S1L9-1.ffnOKJANMNO_00001	100.000	370	0	0	1	370	334	703	0.0	684
ASV_1	./22R3R2A-9.ffnLFLKHOJI_04153	100.000	370	0	0	1	370	334	703	0.0	684
ASV_1	./22R3R2A-9.ffnLFLKHOJI_03718	100.000	370	0	0	1	370	334	703	0.0	684
ASV_1	./22R3R2A-9.ffnLFLKHOJI_02542	100.000	370	0	0	1	370	334	703	0.0	684
ASV_1	./22R3R2A-9.ffnLFLKHOJI_00916	100.000	370	0	0	1	370	334	703	0.0	684
ASV_1	./22R3R2A-7.ffnJPAEIPAP_03799	100.000	370	0	0	1	370	336	705	0.0	684
ASV_1	./22R3R2A-7.ffnJPAEIPAP_02416	100.000	370	0	0	1	370	336	705	0.0	684
ASV_1	./22R3R2A-7.ffnJPAEIPAP_00758	100.000	370	0	0	1	370	336	705	0.0	684
ASV_1	./22R3R2A-7.ffnJPAEIPAP_00001	100.000	370	0	0	1	370	336	705	0.0	684
ASV_1	./22R3R2A-4.ffnOEHOIPCG_04246	100.000	370	0	0	1	370	334	703	0.0	684
ASV_1	./22R3R2A-4.ffnOEHOIPCG_03211	100.000	370	0	0	1	370	334	703	0.0	684
ASV_1	./22R3R2A-4.ffnOEHOIPCG_01500	100.000	370	0	0	1	370	334	703	0.0	684
ASV_1	./22R3R2A-4.ffnOEHOIPCG_00583	100.000	370	0	0	1	370	334	703	0.0	684
ASV_1	./22R3L9-3.ffnOOENEIKM_02421	100.000	370	0	0	1	370	334	703	0.0	684
ASV_1	./22R3L9-3.ffnOOENEIKM_02267	100.000	370	0	0	1	370	334	703	0.0	684
ASV_1	./22R3L9-3.ffnOOENEIKM_01155	100.000	370	0	0	1	370	334	703	0.0	684
ASV_1	./22R3L9-3.ffnOOENEIKM_00001	100.000	370	0	0	1	370	334	703	0.0	684
ASV_1	./22R3L9-2.ffnACBGBMEI_03762	100.000	370	0	0	1	370	334	703	0.0	684
ASV_1	./22R3L9-2.ffnACBGBMEI_02776	100.000	370	0	0	1	370	334	703	0.0	684
ASV_1	./22R3L9-2.ffnACBGBMEI_01158	100.000	370	0	0	1	370	334	703	0.0	684
ASV_1	./22R3L9-2.ffnACBGBMEI_00006	100.000	370	0	0	1	370	334	703	0.0	684
ASV_1	./22R3L9-1.ffnKDDFBJAC_03583	100.000	370	0	0	1	370	334	703	0.0	684
ASV_1	./22R3L9-1.ffnKDDFBJAC_03114	100.000	370	0	0	1	370	334	703	0.0	684
ASV_1	./22R2L9-1.ffnBCNKIKKJ_04126	100.000	370	0	0	1	370	334	703	0.0	684
ASV_1	./22R2L9-1.ffnBCNKIKKJ_02849	100.000	370	0	0	1	370	334	703	0.0	684
ASV_1	./22R1VL55-4.ffnOLIPFFDM_12314	100.000	370	0	0	1	370	338	707	0.0	684
ASV_1	./22R1VL55-3.ffnCNFDENLK_04325	100.000	370	0	0	1	370	338	707	0.0	684
ASV_1	./22R1VL55-3.ffnCNFDENLK_02582	100.000	370	0	0	1	370	338	707	0.0	684
ASV_1	./22R1VL55-3.ffnCNFDENLK_00992	100.000	370	0	0	1	370	338	707	0.0	684
ASV_1	./22R1VL55-3.ffnCNFDENLK_00006	100.000	370	0	0	1	370	338	707	0.0	684
ASV_1	./22R1R2A-4.ffnJLHBNNJH_03199	100.000	370	0	0	1	370	334	703	0.0	684
ASV_1	./22R1R2A-4.ffnJLHBNNJH_02620	100.000	370	0	0	1	370	338	707	0.0	684
ASV_1	./22R1R2A-4.ffnJLHBNNJH_01165	100.000	370	0	0	1	370	334	703	0.0	684
ASV_1	./22R1R2A-4.ffnJLHBNNJH_00001	100.000	370	0	0	1	370	334	703	0.0	684
ASV_1	./22R1R2A-3.ffnLHEKEJKL_03333	100.000	370	0	0	1	370	338	707	0.0	684
ASV_1	./22R1R2A-3.ffnLHEKEJKL_01384	100.000	370	0	0	1	370	338	707	0.0	684
ASV_1	./22R1R2A-3.ffnLHEKEJKL_00001	100.000	370	0	0	1	370	338	707	0.0	684
ASV_1	./22R1R2A-27.ffnOLMMPHCC_03794	100.000	370	0	0	1	370	334	703	0.0	684
ASV_1	./22R1R2A-27.ffnOLMMPHCC_02829	100.000	370	0	0	1	370	334	703	0.0	684
ASV_1	./22R1R2A-27.ffnOLMMPHCC_01651	100.000	370	0	0	1	370	334	703	0.0	684
ASV_1	./22R1R2A-27.ffnOLMMPHCC_00006	100.000	370	0	0	1	370	334	703	0.0	684
ASV_1	./22R1R2A-24.ffnLKMJICFB_04022	100.000	370	0	0	1	370	338	707	0.0	684
ASV_1	./22R1R2A-24.ffnLKMJICFB_03278	100.000	370	0	0	1	370	338	707	0.0	684
ASV_1	./22R1R2A-24.ffnLKMJICFB_02640	100.000	370	0	0	1	370	338	707	0.0	684
ASV_1	./22R1R2A-24.ffnLKMJICFB_00811	100.000	370	0	0	1	370	338	707	0.0	684
ASV_1	./22R1R2A-21.ffnPMNAFBDN_02740	100.000	370	0	0	1	370	334	703	0.0	684
ASV_1	./22R1R2A-21.ffnPMNAFBDN_02414	100.000	370	0	0	1	370	334	703	0.0	684
ASV_1	./22R1R2A-21.ffnPMNAFBDN_01277	100.000	370	0	0	1	370	334	703	0.0	684
ASV_1	./22R1R2A-21.ffnPMNAFBDN_00006	100.000	370	0	0	1	370	334	703	0.0	684
ASV_1	./22R1R2A-18.ffnNHEGCMAN_03480	100.000	370	0	0	1	370	334	703	0.0	684
ASV_1	./22R1R2A-18.ffnNHEGCMAN_01961	100.000	370	0	0	1	370	338	707	0.0	684
ASV_1	./22R1R2A-18.ffnNHEGCMAN_01384	100.000	370	0	0	1	370	334	703	0.0	684
ASV_1	./22R1R2A-18.ffnNHEGCMAN_00746	100.000	370	0	0	1	370	334	703	0.0	684
ASV_1	./22R1R2A-15.ffnBOFFEFNI_02746	100.000	370	0	0	1	370	334	703	0.0	684
ASV_1	./22R1R2A-15.ffnBOFFEFNI_01679	100.000	370	0	0	1	370	334	703	0.0	684
ASV_1	./22R1R2A-15.ffnBOFFEFNI_01351	100.000	370	0	0	1	370	334	703	0.0	684
ASV_1	./22R1R2A-15.ffnBOFFEFNI_00001	100.000	370	0	0	1	370	334	703	0.0	684
ASV_1	./22R1R2A-14.ffnLEFOPDFO_03032	100.000	370	0	0	1	370	334	703	0.0	684
ASV_1	./22R1R2A-14.ffnLEFOPDFO_02833	100.000	370	0	0	1	370	334	703	0.0	684
ASV_1	./22R1R2A-14.ffnLEFOPDFO_01124	100.000	370	0	0	1	370	334	703	0.0	684
ASV_1	./22R1R2A-14.ffnLEFOPDFO_00006	100.000	370	0	0	1	370	334	703	0.0	684
ASV_1	./22R1PE-9.ffnFKLDNOIC_02572	100.000	370	0	0	1	370	334	703	0.0	684
ASV_1	./22R1PE-9.ffnFKLDNOIC_01357	100.000	370	0	0	1	370	334	703	0.0	684
ASV_1	./22R1PE-9.ffnFKLDNOIC_01027	100.000	370	0	0	1	370	334	703	0.0	684
ASV_1	./22R1PE-9.ffnFKLDNOIC_00068	100.000	370	0	0	1	370	334	703	0.0	684
ASV_1	./22R1PE-42.ffnANMCNHPN_02316	100.000	370	0	0	1	370	334	703	0.0	684
ASV_1	./22R1PE-42.ffnANMCNHPN_01289	100.000	370	0	0	1	370	334	703	0.0	684
ASV_1	./22R1PE-42.ffnANMCNHPN_00006	100.000	370	0	0	1	370	334	703	0.0	684
ASV_1	./22R1PE-41.ffnJEBEBEJG_02507	100.000	370	0	0	1	370	334	703	0.0	684
ASV_1	./22R1PE-41.ffnJEBEBEJG_01942	100.000	370	0	0	1	370	334	703	0.0	684
ASV_1	./22R1PE-41.ffnJEBEBEJG_01198	100.000	370	0	0	1	370	334	703	0.0	684
ASV_1	./22R1PE-41.ffnJEBEBEJG_00489	100.000	370	0	0	1	370	334	703	0.0	684
ASV_1	./22R1PE-39.ffnFJAKOGNI_02651	100.000	370	0	0	1	370	334	703	0.0	684
ASV_1	./22R1PE-39.ffnFJAKOGNI_01953	100.000	370	0	0	1	370	334	703	0.0	684
ASV_1	./22R1PE-39.ffnFJAKOGNI_01211	100.000	370	0	0	1	370	334	703	0.0	684
ASV_1	./22R1PE-39.ffnFJAKOGNI_00643	100.000	370	0	0	1	370	334	703	0.0	684
ASV_1	./22R1PE-39.ffnFJAKOGNI_00001	100.000	370	0	0	1	370	334	703	0.0	684
ASV_1	./22R1PE-32.ffnONOGCPBK_02175	100.000	370	0	0	1	370	334	703	0.0	684
ASV_1	./22R1PE-32.ffnONOGCPBK_01315	100.000	370	0	0	1	370	334	703	0.0	684
ASV_1	./22R1PE-32.ffnONOGCPBK_00570	100.000	370	0	0	1	370	334	703	0.0	684
ASV_1	./22R1PE-32.ffnONOGCPBK_00001	100.000	370	0	0	1	370	334	703	0.0	684
ASV_1	./22R1PE-31.ffnGEKPLDNM_02981	100.000	370	0	0	1	370	338	707	0.0	684
ASV_1	./22R1PE-31.ffnGEKPLDNM_02101	100.000	370	0	0	1	370	338	707	0.0	684
ASV_1	./22R1PE-31.ffnGEKPLDNM_00653	100.000	370	0	0	1	370	338	707	0.0	684
ASV_1	./22R1PE-31.ffnGEKPLDNM_00234	100.000	370	0	0	1	370	338	707	0.0	684
ASV_1	./22R1PE-11.ffnBOPBLEBM_03204	100.000	370	0	0	1	370	334	703	0.0	684
ASV_1	./22R1PE-11.ffnBOPBLEBM_02495	100.000	370	0	0	1	370	334	703	0.0	684
ASV_1	./22R1PE-11.ffnBOPBLEBM_00575	100.000	370	0	0	1	370	334	703	0.0	684
ASV_1	./22R1PE-11.ffnBOPBLEBM_00005	100.000	370	0	0	1	370	334	703	0.0	684
ASV_1	./22R1L9-4.ffnOAMNAJEA_03386	100.000	370	0	0	1	370	334	703	0.0	684
ASV_1	./22R1L9-4.ffnOAMNAJEA_01483	100.000	370	0	0	1	370	334	703	0.0	684
ASV_1	./22R1L9-4.ffnOAMNAJEA_01336	100.000	370	0	0	1	370	334	703	0.0	684
ASV_1	./22R1L9-4.ffnOAMNAJEA_00410	100.000	370	0	0	1	370	334	703	0.0	684
ASV_1	./22R1L9-2.ffnKEKPHFCO_04357	100.000	370	0	0	1	370	334	703	0.0	684
ASV_1	./22R1L9-2.ffnKEKPHFCO_03394	100.000	370	0	0	1	370	334	703	0.0	684
ASV_1	./22R1L9-2.ffnKEKPHFCO_01951	100.000	370	0	0	1	370	334	703	0.0	684
ASV_1	./22R1L9-2.ffnKEKPHFCO_00006	100.000	370	0	0	1	370	334	703	0.0	684
ASV_1	./22L3R2A-9.ffnKKALMMIM_02628	100.000	370	0	0	1	370	338	707	0.0	684
ASV_1	./22L3R2A-9.ffnKKALMMIM_00700	100.000	370	0	0	1	370	338	707	0.0	684
ASV_1	./22L3R2A-8.ffnNFAPFIBE_02612	100.000	370	0	0	1	370	334	703	0.0	684
ASV_1	./22L3R2A-8.ffnNFAPFIBE_01633	100.000	370	0	0	1	370	334	703	0.0	684
ASV_1	./22L3R2A-8.ffnNFAPFIBE_01297	100.000	370	0	0	1	370	334	703	0.0	684
ASV_1	./22L3R2A-8.ffnNFAPFIBE_00062	100.000	370	0	0	1	370	334	703	0.0	684
ASV_1	./22L3R2A-4.ffnDLJJKODL_03200	100.000	370	0	0	1	370	334	703	0.0	684
ASV_1	./22L3R2A-4.ffnDLJJKODL_02149	100.000	370	0	0	1	370	334	703	0.0	684
ASV_1	./22L3R2A-4.ffnDLJJKODL_00801	100.000	370	0	0	1	370	334	703	0.0	684
ASV_1	./22L3R2A-4.ffnDLJJKODL_00001	100.000	370	0	0	1	370	334	703	0.0	684
ASV_1	./22L3R2A-3.ffnIMIAMKAB_02518	100.000	370	0	0	1	370	334	703	0.0	684
ASV_1	./22L3R2A-3.ffnIMIAMKAB_01995	100.000	370	0	0	1	370	334	703	0.0	684
ASV_1	./22L3R2A-3.ffnIMIAMKAB_00917	100.000	370	0	0	1	370	334	703	0.0	684
ASV_1	./22L3R2A-3.ffnIMIAMKAB_00038	100.000	370	0	0	1	370	334	703	0.0	684
ASV_1	./22L3R2A-13.ffnCGJKHBPD_02709	100.000	370	0	0	1	370	338	707	0.0	684
ASV_1	./22L3R2A-13.ffnCGJKHBPD_01782	100.000	370	0	0	1	370	338	707	0.0	684
ASV_1	./22L3R2A-13.ffnCGJKHBPD_00380	100.000	370	0	0	1	370	338	707	0.0	684
ASV_1	./22L3R2A-13.ffnCGJKHBPD_00374	100.000	370	0	0	1	370	338	707	0.0	684
ASV_1	./22L3R2A-10.ffnEECOIHGL_03408	100.000	370	0	0	1	370	338	707	0.0	684
ASV_1	./22L3R2A-10.ffnEECOIHGL_02106	100.000	370	0	0	1	370	338	707	0.0	684
ASV_1	./22L3R2A-10.ffnEECOIHGL_00649	100.000	370	0	0	1	370	338	707	0.0	684
ASV_1	./22L3R2A-10.ffnEECOIHGL_00310	100.000	370	0	0	1	370	338	707	0.0	684
ASV_1	./22L3PE-6.ffnELNOFDDC_02874	100.000	370	0	0	1	370	334	703	0.0	684
ASV_1	./22L3PE-6.ffnELNOFDDC_02762	100.000	370	0	0	1	370	334	703	0.0	684
ASV_1	./22L3PE-6.ffnELNOFDDC_01561	100.000	370	0	0	1	370	334	703	0.0	684
ASV_1	./22L3PE-6.ffnELNOFDDC_00006	100.000	370	0	0	1	370	334	703	0.0	684
ASV_1	./22L3PE-2.ffnOMGCNDHI_02096	100.000	370	0	0	1	370	334	703	0.0	684
ASV_1	./22L3PE-12.ffnIMDNBIAB_08622	100.000	370	0	0	1	370	333	702	0.0	684
ASV_1	./22L3L9-2.ffnKDKHEPNJ_02959	100.000	370	0	0	1	370	334	703	0.0	684
ASV_1	./22L3L9-2.ffnKDKHEPNJ_02856	100.000	370	0	0	1	370	334	703	0.0	684
ASV_1	./22L3L9-2.ffnKDKHEPNJ_01718	100.000	370	0	0	1	370	334	703	0.0	684
ASV_1	./22L3L9-2.ffnKDKHEPNJ_00006	100.000	370	0	0	1	370	334	703	0.0	684
ASV_1	./22L3L9-1.ffnOJAJLFBI_02780	100.000	370	0	0	1	370	334	703	0.0	684
ASV_1	./22L3L9-1.ffnOJAJLFBI_01923	100.000	370	0	0	1	370	334	703	0.0	684
ASV_1	./22L3L9-1.ffnOJAJLFBI_01774	100.000	370	0	0	1	370	334	703	0.0	684
ASV_1	./22L3L9-1.ffnOJAJLFBI_00529	100.000	370	0	0	1	370	334	703	0.0	684
ASV_1	./22L2VL55-5.ffnEGMBJBOH_03496	100.000	370	0	0	1	370	334	703	0.0	684
ASV_1	./22L2VL55-5.ffnEGMBJBOH_01555	100.000	370	0	0	1	370	334	703	0.0	684
ASV_1	./22L2VL55-5.ffnEGMBJBOH_00184	100.000	370	0	0	1	370	335	704	0.0	684
ASV_1	./22L2VL55-5.ffnEGMBJBOH_00013	100.000	370	0	0	1	370	334	703	0.0	684
ASV_1	./22L2VL55-3.ffnDBONKCHP_02681	100.000	370	0	0	1	370	334	703	0.0	684
ASV_1	./22L2VL55-3.ffnDBONKCHP_01706	100.000	370	0	0	1	370	334	703	0.0	684
ASV_1	./22L2VL55-3.ffnDBONKCHP_01349	100.000	370	0	0	1	370	334	703	0.0	684
ASV_1	./22L2R2A-8.ffnKHDDKOJB_03050	100.000	370	0	0	1	370	338	707	0.0	684
ASV_1	./22L2R2A-8.ffnKHDDKOJB_01595	100.000	370	0	0	1	370	338	707	0.0	684
ASV_1	./22L2R2A-8.ffnKHDDKOJB_00960	100.000	370	0	0	1	370	338	707	0.0	684
ASV_1	./22L2R2A-8.ffnKHDDKOJB_00368	100.000	370	0	0	1	370	338	707	0.0	684
ASV_1	./22L2R2A-18.ffnGJNPCPOH_02986	100.000	370	0	0	1	370	334	703	0.0	684
ASV_1	./22L2R2A-18.ffnGJNPCPOH_02657	100.000	370	0	0	1	370	334	703	0.0	684
ASV_1	./22L2R2A-18.ffnGJNPCPOH_01419	100.000	370	0	0	1	370	334	703	0.0	684
ASV_1	./22L2R2A-18.ffnGJNPCPOH_00159	100.000	370	0	0	1	370	334	703	0.0	684
ASV_1	./22L2R2A-17.ffnBLAFJNNI_03033	100.000	370	0	0	1	370	338	707	0.0	684
ASV_1	./22L2R2A-17.ffnBLAFJNNI_01570	100.000	370	0	0	1	370	338	707	0.0	684
ASV_1	./22L2R2A-17.ffnBLAFJNNI_00673	100.000	370	0	0	1	370	338	707	0.0	684
ASV_1	./22L2R2A-17.ffnBLAFJNNI_00005	100.000	370	0	0	1	370	338	707	0.0	684
ASV_1	./22L2R2A-12.ffnNEAKOPIP_02360	100.000	370	0	0	1	370	334	703	0.0	684
ASV_1	./22L2R2A-12.ffnNEAKOPIP_01200	100.000	370	0	0	1	370	334	703	0.0	684
ASV_1	./22L2R2A-12.ffnNEAKOPIP_00574	100.000	370	0	0	1	370	334	703	0.0	684
ASV_1	./22L2R2A-12.ffnNEAKOPIP_00001	100.000	370	0	0	1	370	338	707	0.0	684
ASV_1	./22L2R2A-10.ffnJHILAEED_02841	100.000	370	0	0	1	370	338	707	0.0	684
ASV_1	./22L2R2A-10.ffnJHILAEED_01345	100.000	370	0	0	1	370	338	707	0.0	684
ASV_1	./22L2R2A-10.ffnJHILAEED_00696	100.000	370	0	0	1	370	338	707	0.0	684
ASV_1	./22L2R2A-10.ffnJHILAEED_00096	100.000	370	0	0	1	370	338	707	0.0	684
ASV_1	./22L2PE-10.ffnLMKOENBG_02763	100.000	370	0	0	1	370	334	703	0.0	684
ASV_1	./22L2PE-10.ffnLMKOENBG_01153	100.000	370	0	0	1	370	334	703	0.0	684
ASV_1	./22L2PE-10.ffnLMKOENBG_00167	100.000	370	0	0	1	370	334	703	0.0	684
ASV_1	./22L2PE-10.ffnLMKOENBG_00001	100.000	370	0	0	1	370	334	703	0.0	684
ASV_1	./22L2L9-3.ffnFLCDKNMH_02220	100.000	370	0	0	1	370	334	703	0.0	684
ASV_1	./22L2L9-3.ffnFLCDKNMH_00993	100.000	370	0	0	1	370	334	703	0.0	684
ASV_1	./22L2L9-1.ffnOFDCMJHP_04350	100.000	370	0	0	1	370	334	703	0.0	684
ASV_1	./22L2L9-1.ffnOFDCMJHP_03213	100.000	370	0	0	1	370	334	703	0.0	684
ASV_1	./22L2L9-1.ffnOFDCMJHP_02100	100.000	370	0	0	1	370	334	703	0.0	684
ASV_1	./22L1R2A-8.ffnGGMAKNOL_02250	100.000	370	0	0	1	370	334	703	0.0	684
ASV_1	./22L1R2A-8.ffnGGMAKNOL_01122	100.000	370	0	0	1	370	334	703	0.0	684
ASV_1	./22L1R2A-8.ffnGGMAKNOL_01025	100.000	370	0	0	1	370	334	703	0.0	684
ASV_1	./22L1R2A-8.ffnGGMAKNOL_00001	100.000	370	0	0	1	370	334	703	0.0	684
ASV_1	./22L1R2A-6.ffnANLMHDNL_04023	100.000	370	0	0	1	370	334	703	0.0	684
ASV_1	./22L1R2A-6.ffnANLMHDNL_02228	100.000	370	0	0	1	370	334	703	0.0	684
ASV_1	./22L1R2A-6.ffnANLMHDNL_00850	100.000	370	0	0	1	370	334	703	0.0	684
ASV_1	./22L1R2A-4.ffnLEJPNJJH_04383	100.000	370	0	0	1	370	334	703	0.0	684
ASV_1	./22L1R2A-4.ffnLEJPNJJH_03144	100.000	370	0	0	1	370	334	703	0.0	684
ASV_1	./22L1R2A-4.ffnLEJPNJJH_01347	100.000	370	0	0	1	370	334	703	0.0	684
ASV_1	./22L1R2A-4.ffnLEJPNJJH_00001	100.000	370	0	0	1	370	334	703	0.0	684
ASV_1	./22L1R2A-11.ffnECOCJENP_04160	100.000	370	0	0	1	370	334	703	0.0	684
ASV_1	./22L1R2A-11.ffnECOCJENP_02345	100.000	370	0	0	1	370	334	703	0.0	684
ASV_1	./22L1R2A-11.ffnECOCJENP_01009	100.000	370	0	0	1	370	334	703	0.0	684
ASV_1	./22L1R2A-11.ffnECOCJENP_00006	100.000	370	0	0	1	370	334	703	0.0	684
ASV_1	./22L1PE-1.ffnCEIMECAF_02789	100.000	370	0	0	1	370	334	703	0.0	684
ASV_1	./22L1PE-1.ffnCEIMECAF_01121	100.000	370	0	0	1	370	334	703	0.0	684
ASV_1	./22L1PE-1.ffnCEIMECAF_00160	100.000	370	0	0	1	370	334	703	0.0	684
ASV_1	./22L1PE-1.ffnCEIMECAF_00001	100.000	370	0	0	1	370	334	703	0.0	684
ASV_1	./22L1NFb-6.ffnLFJELNMD_01544	100.000	370	0	0	1	370	334	703	0.0	684
ASV_1	./22L1L9-3.ffnALEEJFOP_03904	100.000	370	0	0	1	370	334	703	0.0	684
ASV_1	./22L1L9-3.ffnALEEJFOP_02892	100.000	370	0	0	1	370	334	703	0.0	684
ASV_1	./22L1L9-3.ffnALEEJFOP_01729	100.000	370	0	0	1	370	334	703	0.0	684
ASV_1	./22L1L9-3.ffnALEEJFOP_00006	100.000	370	0	0	1	370	334	703	0.0	684
ASV_1	./22L1L9-2.ffnAMFEKMDF_03019	100.000	370	0	0	1	370	334	703	0.0	684
ASV_1	./22L1L9-2.ffnAMFEKMDF_01041	100.000	370	0	0	1	370	334	703	0.0	684
ASV_1	./22L1L9-2.ffnAMFEKMDF_00099	100.000	370	0	0	1	370	334	703	0.0	684
ASV_1	./22L1L9-2.ffnAMFEKMDF_00001	100.000	370	0	0	1	370	334	703	0.0	684
ASV_1	./22L1L9-1.ffnNJJHCAEB_02080	100.000	370	0	0	1	370	333	702	0.0	684
ASV_1	./22L1L9-1.ffnNJJHCAEB_01918	100.000	370	0	0	1	370	334	703	0.0	684
ASV_1	./22L1L9-1.ffnNJJHCAEB_00902	100.000	370	0	0	1	370	334	703	0.0	684
ASV_1	./22H3R2A-4.ffnMMCMPEIH_01670	100.000	370	0	0	1	370	338	707	0.0	684
ASV_1	./22H3PE-5.ffnOFLGJBCF_05488	100.000	370	0	0	1	370	334	703	0.0	684
ASV_1	./22H3PE-5.ffnOFLGJBCF_05313	100.000	370	0	0	1	370	334	703	0.0	684
ASV_1	./22H3PE-5.ffnOFLGJBCF_00171	100.000	370	0	0	1	370	334	703	0.0	684
ASV_1	./22H3L9-5.ffnCAEINCLG_03060	100.000	370	0	0	1	370	334	703	0.0	684
ASV_1	./22H3L9-5.ffnCAEINCLG_01359	100.000	370	0	0	1	370	334	703	0.0	684
ASV_1	./22H3L9-5.ffnCAEINCLG_00145	100.000	370	0	0	1	370	334	703	0.0	684
ASV_1	./22H3L9-5.ffnCAEINCLG_00006	100.000	370	0	0	1	370	334	703	0.0	684
ASV_1	./22H3L9-4.ffnMJKPHIGF_03134	100.000	370	0	0	1	370	334	703	0.0	684
ASV_1	./22H3L9-4.ffnMJKPHIGF_01406	100.000	370	0	0	1	370	334	703	0.0	684
ASV_1	./22H3L9-4.ffnMJKPHIGF_00155	100.000	370	0	0	1	370	334	703	0.0	684
ASV_1	./22H3L9-4.ffnMJKPHIGF_00001	100.000	370	0	0	1	370	334	703	0.0	684
ASV_1	./22H3L9-3.ffnHLJKIGNI_05003	100.000	370	0	0	1	370	334	703	0.0	684
ASV_1	./22H3L9-3.ffnHLJKIGNI_02625	100.000	370	0	0	1	370	334	703	0.0	684
ASV_1	./22H3L9-3.ffnHLJKIGNI_01306	100.000	370	0	0	1	370	334	703	0.0	684
ASV_1	./22H2R2A-8.ffnFFHBEIFE_03738	100.000	370	0	0	1	370	337	706	0.0	684
ASV_1	./22H2R2A-8.ffnFFHBEIFE_02924	100.000	370	0	0	1	370	334	703	0.0	684
ASV_1	./22H2R2A-8.ffnFFHBEIFE_00966	100.000	370	0	0	1	370	334	703	0.0	684
ASV_1	./22H2R2A-10.ffnLKKNBJEH_04296	100.000	370	0	0	1	370	334	703	0.0	684
ASV_1	./22H2PE-9.ffnBPFODKNC_03291	100.000	370	0	0	1	370	334	703	0.0	684
ASV_1	./22H2PE-9.ffnBPFODKNC_01891	100.000	370	0	0	1	370	334	703	0.0	684
ASV_1	./22H2PE-9.ffnBPFODKNC_00795	100.000	370	0	0	1	370	334	703	0.0	684
ASV_1	./22H2PE-9.ffnBPFODKNC_00006	100.000	370	0	0	1	370	334	703	0.0	684
ASV_1	./22H2PE-8.ffnFLOOMOJI_00358	100.000	370	0	0	1	370	334	703	0.0	684
ASV_1	./22H2PE-7.ffnJEBCOPAI_02217	100.000	370	0	0	1	370	334	703	0.0	684
ASV_1	./22H2PE-7.ffnJEBCOPAI_01411	100.000	370	0	0	1	370	334	703	0.0	684
ASV_1	./22H2PE-7.ffnJEBCOPAI_00598	100.000	370	0	0	1	370	334	703	0.0	684
ASV_1	./22H2PE-7.ffnJEBCOPAI_00001	100.000	370	0	0	1	370	334	703	0.0	684
ASV_1	./22H2PE-6.ffnHBOJEKAH_10407	100.000	370	0	0	1	370	333	702	0.0	684
ASV_1	./22H2L9-5.ffnGABGJLPL_04793	100.000	370	0	0	1	370	334	703	0.0	684
ASV_1	./22H2L9-5.ffnGABGJLPL_02674	100.000	370	0	0	1	370	334	703	0.0	684
ASV_1	./22H2L9-5.ffnGABGJLPL_01273	100.000	370	0	0	1	370	334	703	0.0	684
ASV_1	./22H2L9-5.ffnGABGJLPL_01128	100.000	370	0	0	1	370	334	703	0.0	684
ASV_1	./22H2L9-4.ffnMPJOCBIP_05638	100.000	370	0	0	1	370	334	703	0.0	684
ASV_1	./22H2L9-4.ffnMPJOCBIP_05377	100.000	370	0	0	1	370	334	703	0.0	684
ASV_1	./22H2L9-4.ffnMPJOCBIP_05169	100.000	370	0	0	1	370	334	703	0.0	684
ASV_1	./22H2L9-4.ffnMPJOCBIP_01121	100.000	370	0	0	1	370	334	703	0.0	684
ASV_1	./22H2L9-3.ffnKMLEHOHA_04061	100.000	370	0	0	1	370	336	705	0.0	684
ASV_1	./22H2L9-1.ffnJAKOBOHO_02900	100.000	370	0	0	1	370	334	703	0.0	684
ASV_1	./22H2L9-1.ffnJAKOBOHO_01160	100.000	370	0	0	1	370	334	703	0.0	684
ASV_1	./22H2L9-1.ffnJAKOBOHO_00222	100.000	370	0	0	1	370	334	703	0.0	684
ASV_1	./22H2L9-1.ffnJAKOBOHO_00075	100.000	370	0	0	1	370	334	703	0.0	684
ASV_1	./22H1R2A-2.ffnAPFIMKMC_01938	100.000	370	0	0	1	370	338	707	0.0	684
ASV_1	./22H1R2A-2.ffnAPFIMKMC_00060	100.000	370	0	0	1	370	338	707	0.0	684
ASV_1	./22H1PE-9.ffnNBHBKGKJ_02578	100.000	370	0	0	1	370	334	703	0.0	684
ASV_1	./22H1PE-9.ffnNBHBKGKJ_01400	100.000	370	0	0	1	370	334	703	0.0	684
ASV_1	./22H1PE-9.ffnNBHBKGKJ_00551	100.000	370	0	0	1	370	334	703	0.0	684
ASV_1	./22H1PE-9.ffnNBHBKGKJ_00391	100.000	370	0	0	1	370	334	703	0.0	684
ASV_1	./22H1PE-7.ffnHGJFAJNE_03932	100.000	370	0	0	1	370	334	703	0.0	684
ASV_1	./22H1PE-7.ffnHGJFAJNE_02858	100.000	370	0	0	1	370	334	703	0.0	684
ASV_1	./22H1PE-7.ffnHGJFAJNE_01149	100.000	370	0	0	1	370	334	703	0.0	684
ASV_1	./22H1PE-7.ffnHGJFAJNE_00006	100.000	370	0	0	1	370	334	703	0.0	684
ASV_1	./22H1PE-6.ffnFOMPAMFN_03354	100.000	370	0	0	1	370	334	703	0.0	684
ASV_1	./22H1PE-6.ffnFOMPAMFN_02332	100.000	370	0	0	1	370	338	707	0.0	684
ASV_1	./22H1PE-6.ffnFOMPAMFN_00577	100.000	370	0	0	1	370	338	707	0.0	684
ASV_1	./22H1PE-6.ffnFOMPAMFN_00006	100.000	370	0	0	1	370	338	707	0.0	684
ASV_1	./22H1PE-4.ffnDAGHDKOB_03342	100.000	370	0	0	1	370	334	703	0.0	684
ASV_1	./22H1PE-4.ffnDAGHDKOB_01587	100.000	370	0	0	1	370	334	703	0.0	684
ASV_1	./22H1PE-4.ffnDAGHDKOB_00960	100.000	370	0	0	1	370	334	703	0.0	684
ASV_1	./22H1PE-4.ffnDAGHDKOB_00191	100.000	370	0	0	1	370	334	703	0.0	684
ASV_1	./22H1PE-3.ffnEHNALAKG_02804	100.000	370	0	0	1	370	334	703	0.0	684
ASV_1	./22H1PE-3.ffnEHNALAKG_01596	100.000	370	0	0	1	370	334	703	0.0	684
ASV_1	./22H1PE-3.ffnEHNALAKG_01173	100.000	370	0	0	1	370	334	703	0.0	684
ASV_1	./22H1PE-3.ffnEHNALAKG_00006	100.000	370	0	0	1	370	334	703	0.0	684
ASV_1	./22H1PE-15.ffnAMMOGLFE_03746	100.000	370	0	0	1	370	334	703	0.0	684
ASV_1	./22H1PE-15.ffnAMMOGLFE_02975	100.000	370	0	0	1	370	334	703	0.0	684
ASV_1	./22H1PE-15.ffnAMMOGLFE_02406	100.000	370	0	0	1	370	334	703	0.0	684
ASV_1	./22H1PE-15.ffnAMMOGLFE_00512	100.000	370	0	0	1	370	334	703	0.0	684
ASV_1	./22H1PE-13.ffnGGJCFFLI_01916	100.000	370	0	0	1	370	334	703	0.0	684
ASV_1	./22H1PE-13.ffnGGJCFFLI_01754	100.000	370	0	0	1	370	334	703	0.0	684
ASV_1	./22H1PE-13.ffnGGJCFFLI_00005	100.000	370	0	0	1	370	334	703	0.0	684
ASV_1	./22H1PE-11.ffnBCMFDOJG_02999	100.000	370	0	0	1	370	334	703	0.0	684
ASV_1	./22H1PE-11.ffnBCMFDOJG_02870	100.000	370	0	0	1	370	334	703	0.0	684
ASV_1	./22H1PE-11.ffnBCMFDOJG_01363	100.000	370	0	0	1	370	334	703	0.0	684
ASV_1	./22H1PE-11.ffnBCMFDOJG_00006	100.000	370	0	0	1	370	334	703	0.0	684
ASV_1	./22H1PE-10.ffnNOAAKPME_04208	100.000	370	0	0	1	370	334	703	0.0	684
ASV_1	./22H1PE-10.ffnNOAAKPME_02853	100.000	370	0	0	1	370	334	703	0.0	684
ASV_1	./22H1L9-1.ffnNKPILCKI_03216	100.000	370	0	0	1	370	334	703	0.0	684
ASV_1	./22H1L9-1.ffnNKPILCKI_01277	100.000	370	0	0	1	370	334	703	0.0	684
ASV_1	./22H1L9-1.ffnNKPILCKI_00264	100.000	370	0	0	1	370	334	703	0.0	684
ASV_1	./22H1L9-1.ffnNKPILCKI_00001	100.000	370	0	0	1	370	334	703	0.0	684
ASV_1	./22A3VL55-7.ffnEKFAKCLG_01994	100.000	370	0	0	1	370	334	703	0.0	684
ASV_1	./22A3R2A-9.ffnLPFMHJMK_02503	100.000	370	0	0	1	370	334	703	0.0	684
ASV_1	./22A3R2A-9.ffnLPFMHJMK_02350	100.000	370	0	0	1	370	334	703	0.0	684
ASV_1	./22A3R2A-9.ffnLPFMHJMK_01218	100.000	370	0	0	1	370	334	703	0.0	684
ASV_1	./22A3R2A-5.ffnPBLHCGAH_02084	100.000	370	0	0	1	370	332	701	0.0	684
ASV_1	./22A3R2A-1.ffnCEAMNFHM_03371	100.000	370	0	0	1	370	334	703	0.0	684
ASV_1	./22A3R2A-1.ffnCEAMNFHM_03125	100.000	370	0	0	1	370	334	703	0.0	684
ASV_1	./22A3R2A-1.ffnCEAMNFHM_01796	100.000	370	0	0	1	370	334	703	0.0	684
ASV_1	./22A3R2A-1.ffnCEAMNFHM_00006	100.000	370	0	0	1	370	333	702	0.0	684
ASV_1	./22A3R2A-11.ffnNDDOMLIO_01093	100.000	370	0	0	1	370	334	703	0.0	684
ASV_1	./22A3PE-9.ffnOLINNAEC_02819	100.000	370	0	0	1	370	338	707	0.0	684
ASV_1	./22A3PE-9.ffnOLINNAEC_02240	100.000	370	0	0	1	370	338	707	0.0	684
ASV_1	./22A3PE-9.ffnOLINNAEC_01561	100.000	370	0	0	1	370	338	707	0.0	684
ASV_1	./22A3PE-9.ffnOLINNAEC_00317	100.000	370	0	0	1	370	338	707	0.0	684
ASV_1	./22A3PE-1.ffnNENAMOPJ_03151	100.000	370	0	0	1	370	334	703	0.0	684
ASV_1	./22A3PE-1.ffnNENAMOPJ_01377	100.000	370	0	0	1	370	334	703	0.0	684
ASV_1	./22A3PE-1.ffnNENAMOPJ_00144	100.000	370	0	0	1	370	334	703	0.0	684
ASV_1	./22A3PE-1.ffnNENAMOPJ_00001	100.000	370	0	0	1	370	334	703	0.0	684
ASV_1	./22A3PE-14.ffnMFAEGAGH_02285	100.000	370	0	0	1	370	333	702	0.0	684
ASV_1	./22A3PE-11.ffnBNCCLAKJ_06894	100.000	370	0	0	1	370	338	707	0.0	684
ASV_1	./22A3PE-11.ffnBNCCLAKJ_05424	100.000	370	0	0	1	370	338	707	0.0	684
ASV_1	./22A3PE-11.ffnBNCCLAKJ_04208	100.000	370	0	0	1	370	338	707	0.0	684
ASV_1	./22A3PE-11.ffnBNCCLAKJ_03554	100.000	370	0	0	1	370	338	707	0.0	684
ASV_1	./22A3L9-5.ffnDNKGAFJB_02520	100.000	370	0	0	1	370	334	703	0.0	684
ASV_1	./22A3L9-5.ffnDNKGAFJB_01097	100.000	370	0	0	1	370	334	703	0.0	684
ASV_1	./22A3L9-5.ffnDNKGAFJB_00974	100.000	370	0	0	1	370	334	703	0.0	684
ASV_1	./22A3L9-5.ffnDNKGAFJB_00941	100.000	370	0	0	1	370	334	703	0.0	684
ASV_1	./22A3L9-4.ffnLNFIIBMC_03299	100.000	370	0	0	1	370	334	703	0.0	684
ASV_1	./22A3L9-4.ffnLNFIIBMC_02262	100.000	370	0	0	1	370	334	703	0.0	684
ASV_1	./22A3L9-3.ffnNCCAGCBC_03420	100.000	370	0	0	1	370	334	703	0.0	684
ASV_1	./22A3L9-3.ffnNCCAGCBC_01822	100.000	370	0	0	1	370	334	703	0.0	684
ASV_1	./22A3L9-3.ffnNCCAGCBC_00632	100.000	370	0	0	1	370	334	703	0.0	684
ASV_1	./22A3L9-2.ffnBFNHDGAL_04776	100.000	370	0	0	1	370	334	703	0.0	684
ASV_1	./22A3L9-2.ffnBFNHDGAL_03002	100.000	370	0	0	1	370	335	704	0.0	684
ASV_1	./22A3L9-1.ffnNLBFGIGL_03175	100.000	370	0	0	1	370	334	703	0.0	684
ASV_1	./22A3L9-1.ffnNLBFGIGL_03020	100.000	370	0	0	1	370	334	703	0.0	684
ASV_1	./22A3L9-1.ffnNLBFGIGL_01683	100.000	370	0	0	1	370	334	703	0.0	684
ASV_1	./22A2R2A-4.ffnOHCKFHOL_04326	100.000	370	0	0	1	370	334	703	0.0	684
ASV_1	./22A2R2A-4.ffnOHCKFHOL_03022	100.000	370	0	0	1	370	334	703	0.0	684
ASV_1	./22A2R2A-4.ffnOHCKFHOL_01173	100.000	370	0	0	1	370	334	703	0.0	684
ASV_1	./22A2R2A-4.ffnOHCKFHOL_00006	100.000	370	0	0	1	370	334	703	0.0	684
ASV_1	./22A2R2A-2.ffnOIHICPNN_03465	100.000	370	0	0	1	370	334	703	0.0	684
ASV_1	./22A2R2A-2.ffnOIHICPNN_00001	100.000	370	0	0	1	370	334	703	0.0	684
ASV_1	./22A2R2A-10.ffnOEBDFKOK_04387	100.000	370	0	0	1	370	334	703	0.0	684
ASV_1	./22A2R2A-10.ffnOEBDFKOK_04223	100.000	370	0	0	1	370	333	702	0.0	684
ASV_1	./22A2R2A-10.ffnOEBDFKOK_02989	100.000	370	0	0	1	370	334	703	0.0	684
ASV_1	./22A2R2A-10.ffnOEBDFKOK_01122	100.000	370	0	0	1	370	334	703	0.0	684
ASV_1	./22A2PE-5.ffnDKDJINAM_04019	100.000	370	0	0	1	370	334	703	0.0	684
ASV_1	./22A2PE-5.ffnDKDJINAM_02839	100.000	370	0	0	1	370	334	703	0.0	684
ASV_1	./22A2PE-5.ffnDKDJINAM_01117	100.000	370	0	0	1	370	334	703	0.0	684
ASV_1	./22A2PE-5.ffnDKDJINAM_00006	100.000	370	0	0	1	370	334	703	0.0	684
ASV_1	./22A2PE-4.ffnLJJCANGB_03619	100.000	370	0	0	1	370	334	703	0.0	684
ASV_1	./22A2PE-4.ffnLJJCANGB_02408	100.000	370	0	0	1	370	334	703	0.0	684
ASV_1	./22A2PE-4.ffnLJJCANGB_00812	100.000	370	0	0	1	370	334	703	0.0	684
ASV_1	./22A2PE-4.ffnLJJCANGB_00001	100.000	370	0	0	1	370	334	703	0.0	684
ASV_1	./22A2L9-5.ffnGMMEANHL_03130	100.000	370	0	0	1	370	334	703	0.0	684
ASV_1	./22A2L9-5.ffnGMMEANHL_01331	100.000	370	0	0	1	370	334	703	0.0	684
ASV_1	./22A2L9-5.ffnGMMEANHL_00188	100.000	370	0	0	1	370	334	703	0.0	684
ASV_1	./22A2L9-5.ffnGMMEANHL_00042	100.000	370	0	0	1	370	334	703	0.0	684
ASV_1	./22A2L9-3.ffnCKPNEFOM_03857	100.000	370	0	0	1	370	334	703	0.0	684
ASV_1	./22A2L9-3.ffnCKPNEFOM_02867	100.000	370	0	0	1	370	334	703	0.0	684
ASV_1	./22A2L9-3.ffnCKPNEFOM_01114	100.000	370	0	0	1	370	334	703	0.0	684
ASV_1	./22A2L9-3.ffnCKPNEFOM_00005	100.000	370	0	0	1	370	334	703	0.0	684
ASV_1	./22A2L9-2.ffnOCAJAFCH_02491	100.000	370	0	0	1	370	334	703	0.0	684
ASV_1	./22A2L9-1.ffnOOOOIAED_03976	100.000	370	0	0	1	370	334	703	0.0	684
ASV_1	./22A2L9-1.ffnOOOOIAED_03051	100.000	370	0	0	1	370	334	703	0.0	684
ASV_1	./22A2L9-1.ffnOOOOIAED_01229	100.000	370	0	0	1	370	334	703	0.0	684
ASV_1	./22A2L9-1.ffnOOOOIAED_00036	100.000	370	0	0	1	370	334	703	0.0	684
ASV_1	./22A1VL55-1.ffnANDPHKPF_04222	100.000	370	0	0	1	370	334	703	0.0	684
ASV_1	./22A1VL55-1.ffnANDPHKPF_01536	100.000	370	0	0	1	370	334	703	0.0	684
ASV_1	./22A1VL55-1.ffnANDPHKPF_00047	100.000	370	0	0	1	370	334	703	0.0	684
ASV_1	./22A1R2A-16.ffnFHMMLPCF_03118	100.000	370	0	0	1	370	338	707	0.0	684
ASV_1	./22A1R2A-16.ffnFHMMLPCF_01713	100.000	370	0	0	1	370	338	707	0.0	684
ASV_1	./22A1R2A-16.ffnFHMMLPCF_00310	100.000	370	0	0	1	370	336	705	0.0	684
ASV_1	./22A1PE-7.ffnNPDEFNHL_05466	100.000	370	0	0	1	370	334	703	0.0	684
ASV_1	./22A1PE-7.ffnNPDEFNHL_04228	100.000	370	0	0	1	370	334	703	0.0	684
ASV_1	./22A1PE-7.ffnNPDEFNHL_03996	100.000	370	0	0	1	370	334	703	0.0	684
ASV_1	./22A1PE-7.ffnNPDEFNHL_03164	100.000	370	0	0	1	370	334	703	0.0	684
ASV_1	./22A1L9-5.ffnDPCOFKDH_03331	100.000	370	0	0	1	370	334	703	0.0	684
ASV_1	./22A1L9-5.ffnDPCOFKDH_01387	100.000	370	0	0	1	370	334	703	0.0	684
ASV_1	./22A1L9-5.ffnDPCOFKDH_00006	100.000	370	0	0	1	370	334	703	0.0	684
ASV_1	./22A1L9-4.ffnHLLDHPGK_02676	100.000	370	0	0	1	370	334	703	0.0	684
ASV_1	./22A1L9-3.ffnHAGLGJKD_03474	100.000	370	0	0	1	370	334	703	0.0	684
ASV_1	./22A1L9-3.ffnHAGLGJKD_01460	100.000	370	0	0	1	370	334	703	0.0	684
ASV_1	./22A1L9-2.ffnMEOMAHEE_01478	100.000	370	0	0	1	370	334	703	0.0	684
ASV_1	./22A1L9-1.ffnJHNOPHNG_05068	100.000	370	0	0	1	370	334	703	0.0	684
ASV_1	./22A1L9-1.ffnJHNOPHNG_00001	100.000	370	0	0	1	370	334	703	0.0	684
ASV_1	./22S3VL55-1.ffnIIHOABKB_04112	99.730	370	1	0	1	370	338	707	0.0	678
ASV_1	./22S3VL55-1.ffnIIHOABKB_02361	99.730	371	0	1	1	370	332	702	0.0	678
ASV_1	./22R2L9-3.ffnHJNJMCCD_02517	99.730	371	0	1	1	370	334	704	0.0	678
ASV_1	./22R2L9-3.ffnHJNJMCCD_00517	99.730	371	0	1	1	370	334	704	0.0	678
ASV_1	./22R2L9-2.ffnCKCDLEPO_03883	99.730	371	0	1	1	370	334	704	0.0	678
ASV_1	./22R2L9-2.ffnCKCDLEPO_03719	99.730	371	0	1	1	370	334	704	0.0	678
ASV_1	./22R2L9-2.ffnCKCDLEPO_01970	99.730	371	0	1	1	370	334	704	0.0	678
ASV_1	./22R2L9-2.ffnCKCDLEPO_00810	99.730	371	0	1	1	370	334	704	0.0	678
ASV_1	./22R2L9-1.ffnBCNKIKKJ_01174	99.730	371	0	1	1	370	334	704	0.0	678
ASV_1	./22R2L9-1.ffnBCNKIKKJ_01021	99.730	371	0	1	1	370	334	704	0.0	678
ASV_1	./22R1L9-1.ffnOCJPFCKA_02641	99.730	370	1	0	1	370	334	703	0.0	678
ASV_1	./22R1L9-1.ffnOCJPFCKA_02499	99.730	370	1	0	1	370	334	703	0.0	678
ASV_1	./22R1L9-1.ffnOCJPFCKA_01753	99.730	370	1	0	1	370	334	703	0.0	678
ASV_1	./22R1L9-1.ffnOCJPFCKA_00006	99.730	370	1	0	1	370	334	703	0.0	678
ASV_1	./22L2L9-3.ffnFLCDKNMH_02515	99.730	371	0	1	1	370	335	705	0.0	678
ASV_1	./22L1R2A-7.ffnNMCFIKLM_04615	99.730	371	0	1	1	370	334	704	0.0	678
ASV_1	./22L1R2A-7.ffnNMCFIKLM_04595	99.730	371	0	1	1	370	335	705	0.0	678
ASV_1	./22L1R2A-7.ffnNMCFIKLM_03384	99.730	371	0	1	1	370	334	704	0.0	678
ASV_1	./22L1R2A-7.ffnNMCFIKLM_01933	99.730	371	0	1	1	370	334	704	0.0	678
ASV_1	./22L1R2A-7.ffnNMCFIKLM_01065	99.730	371	0	1	1	370	108	478	0.0	678
ASV_1	./22H3L9-3.ffnHLJKIGNI_04737	99.730	371	0	1	1	370	334	704	0.0	678
ASV_1	./22H3L9-3.ffnHLJKIGNI_02884	99.730	371	0	1	1	370	334	704	0.0	678
ASV_1	./22H3L9-1.ffnJCBDLBLI_03302	99.730	371	0	1	1	370	334	704	0.0	678
ASV_1	./22H3L9-1.ffnJCBDLBLI_01981	99.730	371	0	1	1	370	334	704	0.0	678
ASV_1	./22H3L9-1.ffnJCBDLBLI_00251	99.730	371	0	1	1	370	334	704	0.0	678
ASV_1	./22H3L9-1.ffnJCBDLBLI_00007	99.730	371	0	1	1	370	334	704	0.0	678
ASV_1	./22H2L9-3.ffnKMLEHOHA_03854	99.730	370	1	0	1	370	336	705	0.0	678
ASV_1	./22H2L9-3.ffnKMLEHOHA_02717	99.730	370	1	0	1	370	336	705	0.0	678
ASV_1	./22H2L9-2.ffnNLIIJJBF_04627	99.730	370	1	0	1	370	336	705	0.0	678
ASV_1	./22H2L9-2.ffnNLIIJJBF_03473	99.730	370	1	0	1	370	336	705	0.0	678
ASV_1	./22H2L9-2.ffnNLIIJJBF_03349	99.730	370	1	0	1	370	336	705	0.0	678
ASV_1	./22H2L9-2.ffnNLIIJJBF_02678	99.730	370	1	0	1	370	336	705	0.0	678
ASV_1	./22H1PE-13.ffnGGJCFFLI_02866	99.730	371	0	1	1	370	334	704	0.0	678
ASV_1	./22A3L9-2.ffnBFNHDGAL_03868	99.730	371	0	1	1	370	335	705	0.0	678
ASV_1	./22A3L9-2.ffnBFNHDGAL_03580	99.730	371	0	1	1	370	334	704	0.0	678
ASV_1	./22A1L9-3.ffnHAGLGJKD_00023	99.730	371	0	1	1	370	334	704	0.0	678
ASV_1	./22A1L9-2.ffnMEOMAHEE_05243	99.730	371	0	1	1	370	334	704	0.0	678
ASV_1	./22A1L9-2.ffnMEOMAHEE_02976	99.730	371	0	1	1	370	334	704	0.0	678
ASV_1	./22A1L9-1.ffnJHNOPHNG_01621	99.730	370	1	0	1	370	334	703	0.0	678
ASV_1	./22S2PE-4.ffnIMBOBKJC_03937	99.730	370	0	1	1	370	334	702	0.0	676
ASV_1	./22S1VL55-4.ffnGADOMPKD_00161	99.730	370	0	1	1	370	338	706	0.0	676
ASV_1	./22S1PE-28.ffnHINJEFHI_01329	99.730	370	0	1	1	370	334	702	0.0	676
ASV_1	./22S1PE-25.ffnHOJKDKOL_02909	99.730	370	0	1	1	370	334	702	0.0	676
ASV_1	./22S1PE-18.ffnNGKABOJN_05112	99.730	370	0	1	1	370	334	702	0.0	676
ASV_1	./22S1PE-18.ffnNGKABOJN_04170	99.730	370	0	1	1	370	334	702	0.0	676
ASV_1	./22R3PE-13.ffnJFLLJCGM_01731	99.730	370	0	1	1	370	338	706	0.0	676
ASV_1	./22R3L9-1.ffnKDDFBJAC_03825	99.730	370	0	1	1	370	334	702	0.0	676
ASV_1	./22R3L9-1.ffnKDDFBJAC_02061	99.730	370	0	1	1	370	333	701	0.0	676
ASV_1	./22R1VL55-4.ffnOLIPFFDM_05387	99.730	370	0	1	1	370	338	706	0.0	676
ASV_1	./22R1VL55-1.ffnCGGEJAJO_04497	99.730	370	0	1	1	370	334	702	0.0	676
ASV_1	./22R1VL55-1.ffnCGGEJAJO_03525	99.730	370	0	1	1	370	334	702	0.0	676
ASV_1	./22L3R2A-9.ffnKKALMMIM_00006	99.730	370	0	1	1	370	338	706	0.0	676
ASV_1	./22L2VL55-3.ffnDBONKCHP_00001	99.730	370	0	1	1	370	334	702	0.0	676
ASV_1	./22L1L9-1.ffnNJJHCAEB_03999	99.730	370	0	1	1	370	335	703	0.0	676
ASV_1	./22H2R2A-3.ffnKMLKJPCF_02380	99.730	370	0	1	1	370	336	704	0.0	676
ASV_1	./22H1R2A-2.ffnAPFIMKMC_03040	99.730	370	0	1	1	370	338	706	0.0	676
ASV_1	./22A3VL55-2.ffnJAKLCKFN_00092	99.730	370	0	1	1	370	334	702	0.0	676
ASV_1	./22A3R2A-9.ffnLPFMHJMK_00001	99.730	370	0	1	1	370	334	702	0.0	676
ASV_1	./22A3R2A-5.ffnPBLHCGAH_00786	99.730	370	0	1	1	370	334	702	0.0	676
ASV_1	./22A3L9-5.ffnDNKGAFJB_01252	99.730	370	0	1	1	370	334	702	0.0	676
ASV_1	./22A3L9-1.ffnNLBFGIGL_02876	99.730	370	0	1	1	370	333	701	0.0	676
ASV_1	./22A2R2A-2.ffnOIHICPNN_01516	99.730	370	0	1	1	370	334	702	0.0	676
ASV_1	./22A2R2A-2.ffnOIHICPNN_00164	99.730	370	0	1	1	370	333	701	0.0	676
ASV_1	./22A1VL55-1.ffnANDPHKPF_03105	99.730	370	0	1	1	370	334	702	0.0	676
ASV_1	./22A1R2A-1.ffnJNNMENMP_00877	99.730	370	0	1	1	370	334	702	0.0	676
ASV_1	./22A1R2A-16.ffnFHMMLPCF_02466	99.730	370	0	1	1	370	338	706	0.0	676
ASV_1	./22A1L9-5.ffnDPCOFKDH_03455	99.730	370	0	1	1	370	334	702	0.0	676
ASV_1	./22A1L9-4.ffnHLLDHPGK_03447	99.730	370	0	1	1	370	334	702	0.0	676
ASV_1	./22A1L9-1.ffnJHNOPHNG_03062	99.730	370	0	1	1	370	334	702	0.0	676
ASV_1	./22S1VL55-9.ffnGJPEKGOP_03890	99.462	372	0	1	1	370	333	704	0.0	675
ASV_1	./22S3VL55-9.ffnFFDBDINC_03081	99.459	370	2	0	1	370	333	702	0.0	673
ASV_1	./22S1VL55-9.ffnGJPEKGOP_06657	99.461	371	1	1	1	370	331	701	0.0	673
ASV_1	./22R2L9-3.ffnHJNJMCCD_03933	99.461	371	0	2	1	370	334	703	0.0	673
ASV_1	./22R2L9-3.ffnHJNJMCCD_00691	99.461	371	0	2	1	370	335	704	0.0	673
ASV_1	./22L2L9-1.ffnOFDCMJHP_03008	99.461	371	0	2	1	370	334	703	0.0	673
ASV_1	./22H2R2A-10.ffnLKKNBJEH_00379	99.461	371	0	2	1	370	338	707	0.0	673
ASV_1	./22H1PE-10.ffnNOAAKPME_01462	99.459	370	2	0	1	370	334	703	0.0	673
ASV_1	./22H1PE-10.ffnNOAAKPME_00001	99.459	370	2	0	1	370	334	703	0.0	673
ASV_1	./22S3VL55-1.ffnIIHOABKB_01600	99.459	370	0	2	1	370	334	701	0.0	671
ASV_1	./22S2PE-4.ffnIMBOBKJC_02101	99.459	370	0	2	1	370	334	701	0.0	671
ASV_1	./22S1VL55-1.ffnBCDOJGLM_04088	99.459	370	0	2	1	370	338	705	0.0	671
ASV_1	./22S1PE-25.ffnHOJKDKOL_02010	99.459	370	0	2	1	370	333	700	0.0	671
ASV_1	./22S1PE-1.ffnPGDNGNMB_00772	99.459	370	1	1	1	370	337	705	0.0	671
ASV_1	./22R3PE-13.ffnJFLLJCGM_01878	99.459	370	1	1	1	370	335	703	0.0	671
ASV_1	./22R1VL55-1.ffnCGGEJAJO_05269	99.459	370	0	2	1	370	334	701	0.0	671
ASV_1	./22R1VL55-1.ffnCGGEJAJO_02498	99.459	370	1	1	1	370	334	702	0.0	671
ASV_1	./22H2L9-3.ffnKMLEHOHA_00958	99.459	370	1	1	1	370	336	704	0.0	671
ASV_1	./22A1L9-4.ffnHLLDHPGK_03641	99.459	370	1	1	1	370	334	702	0.0	671
ASV_1	./22A1L9-4.ffnHLLDHPGK_00168	99.459	370	1	1	1	370	335	703	0.0	671
ASV_1	./22H1R2A-16.ffnGODPPIGG_11880	99.194	372	1	2	1	370	334	705	0.0	669
ASV_1	./22A1L9-3.ffnHAGLGJKD_03636	99.194	372	1	2	1	370	334	705	0.0	669
ASV_1	./22S1VL55-9.ffnGJPEKGOP_07842	99.194	372	0	3	1	370	332	702	0.0	667
ASV_1	./22S1PE-25.ffnHOJKDKOL_03595	99.191	371	1	2	1	370	333	702	0.0	667
ASV_1	./22S1PE-1.ffnPGDNGNMB_04029	99.189	370	3	0	1	370	333	702	0.0	667
ASV_1	./22L2L9-3.ffnFLCDKNMH_02648	99.191	371	2	1	1	370	332	702	0.0	667
ASV_1	./22A3VL55-2.ffnJAKLCKFN_07150	99.189	370	3	0	1	370	334	703	0.0	667
ASV_1	./22A1L9-2.ffnMEOMAHEE_05055	99.191	371	1	2	1	370	334	703	0.0	667
ASV_1	./22S1PE-1.ffnPGDNGNMB_00004	99.189	370	1	2	1	370	334	701	0.0	665
ASV_1	./22R3PE-13.ffnJFLLJCGM_03766	99.189	370	1	2	1	370	338	705	0.0	665
ASV_1	./22L1R2A-6.ffnANLMHDNL_00099	99.189	370	2	1	1	370	334	702	0.0	665
ASV_1	./22A3R2A-5.ffnPBLHCGAH_04090	99.189	370	1	2	1	370	333	700	0.0	665
ASV_1	./22A3R2A-11.ffnNDDOMLIO_03322	99.189	370	1	2	1	370	334	701	0.0	665
ASV_1	./22S3PE-6.ffnGBGONGFC_00986	99.189	370	0	3	1	370	334	700	0.0	664
ASV_1	./22H1R2A-16.ffnGODPPIGG_14048	99.189	370	0	3	1	370	333	699	0.0	664
ASV_1	./22A3VL55-1.ffnGLCIBDIH_07508	98.922	371	2	2	1	370	332	701	0.0	662
ASV_1	./22S3PE-5.ffnLJOBIMKB_05109	98.919	370	2	2	1	370	334	701	0.0	660
ASV_1	./22S1PE-2.ffnFAMNPIPJ_09202	99.183	367	1	2	1	367	333	697	0.0	660
ASV_1	./22H3R2A-4.ffnMMCMPEIH_00001	98.919	370	3	1	1	370	339	707	0.0	660
ASV_1	./22H2R2A-10.ffnLKKNBJEH_02033	98.922	371	0	3	1	370	335	702	0.0	660
ASV_1	./22A3R2A-5.ffnPBLHCGAH_04256	98.652	371	3	2	1	370	333	702	0.0	656
ASV_1	./22H2PE-5.ffnPDMDIPBH_04089	98.396	374	2	4	1	370	354	727	0.0	654
ASV_1	./22H2R2A-10.ffnLKKNBJEH_00928	98.649	370	2	2	1	370	338	704	0.0	652
ASV_1	./22H3R2A-4.ffnMMCMPEIH_03555	98.383	371	3	3	1	370	333	701	0.0	649
ASV_1	./22H1R2A-2.ffnAPFIMKMC_00019	98.387	372	1	5	1	370	341	709	0.0	649
ASV_1	./22S1PE-25.ffnHOJKDKOL_00969	98.378	370	3	3	1	370	332	698	0.0	647
ASV_1	./22H1R2A-17.ffnBJKDNJME_00067	98.113	371	5	2	1	370	331	700	0.0	645
ASV_1	./22A2R2A-1.ffnCONJACIG_04238	98.123	373	2	5	1	370	336	706	0.0	645
ASV_1	./22H2R2A-8.ffnFFHBEIFE_00001	97.855	373	3	5	1	370	338	708	0.0	640
ASV_1	./22S1VL55-6.ffnLJLGOKND_00001	97.594	374	4	5	1	370	332	704	0.0	636
ASV_1	./22S3VL55-9.ffnFFDBDINC_00369	97.312	372	5	5	1	370	337	705	2.04e-180	627
ASV_1	./22L3VL55-1.ffnIAGIMLCO_00928	97.312	372	4	5	1	370	332	699	2.04e-180	627
ASV_1	./22H1R2A-16.ffnGODPPIGG_12401	97.319	373	2	7	1	370	327	694	2.04e-180	627
ASV_1	./22S1PE-18.ffnNGKABOJN_03033	97.051	373	5	5	1	370	335	704	2.64e-179	623
ASV_1	./22H2VL55-5.ffnDNODLNMO_02779	97.027	370	11	0	1	370	334	703	2.64e-179	623
ASV_1	./22A3R2A-11.ffnNDDOMLIO_03903	97.043	372	7	4	1	370	334	703	2.64e-179	623
ASV_1	./22S3VL55-2.ffnBCPHEPDP_04543	96.757	370	12	0	1	370	333	702	1.23e-177	617
ASV_1	./22S3VL55-2.ffnBCPHEPDP_02282	96.757	370	12	0	1	370	334	703	1.23e-177	617
ASV_1	./22S3VL55-2.ffnBCPHEPDP_01102	96.757	370	12	0	1	370	334	703	1.23e-177	617
ASV_1	./22S2R2A-7.ffnPJNBOFJI_03608	96.757	370	12	0	1	370	334	703	1.23e-177	617
ASV_1	./22S2R2A-7.ffnPJNBOFJI_01910	96.757	370	12	0	1	370	334	703	1.23e-177	617
ASV_1	./22S2R2A-7.ffnPJNBOFJI_00006	96.757	370	12	0	1	370	334	703	1.23e-177	617
ASV_1	./22S2R2A-16.ffnNBNPEGJL_02797	96.757	370	12	0	1	370	334	703	1.23e-177	617
ASV_1	./22S2R2A-16.ffnNBNPEGJL_02328	96.757	370	12	0	1	370	333	702	1.23e-177	617
ASV_1	./22S2R2A-16.ffnNBNPEGJL_00005	96.757	370	12	0	1	370	334	703	1.23e-177	617
ASV_1	./22S2R2A-10.ffnIFEBIOCE_03687	96.757	370	12	0	1	370	334	703	1.23e-177	617
ASV_1	./22S2R2A-10.ffnIFEBIOCE_01957	96.757	370	12	0	1	370	334	703	1.23e-177	617
ASV_1	./22S2R2A-10.ffnIFEBIOCE_00006	96.757	370	12	0	1	370	334	703	1.23e-177	617
ASV_1	./22S2NFb-8.ffnNOGEAKOL_03309	96.757	370	12	0	1	370	334	703	1.23e-177	617
ASV_1	./22S2NFb-8.ffnNOGEAKOL_01932	96.757	370	12	0	1	370	345	714	1.23e-177	617
ASV_1	./22S2NFb-8.ffnNOGEAKOL_00001	96.757	370	12	0	1	370	334	703	1.23e-177	617
ASV_1	./22S2NFb-6.ffnOIPPCKIH_03464	96.757	370	12	0	1	370	334	703	1.23e-177	617
ASV_1	./22S2NFb-6.ffnOIPPCKIH_01457	96.757	370	12	0	1	370	345	714	1.23e-177	617
ASV_1	./22S2NFb-6.ffnOIPPCKIH_00006	96.757	370	12	0	1	370	334	703	1.23e-177	617
ASV_1	./22S2NFb-4.ffnNCJMONBG_03342	96.757	370	12	0	1	370	334	703	1.23e-177	617
ASV_1	./22S2NFb-4.ffnNCJMONBG_01944	96.757	370	12	0	1	370	345	714	1.23e-177	617
ASV_1	./22S2NFb-4.ffnNCJMONBG_00001	96.757	370	12	0	1	370	334	703	1.23e-177	617
ASV_1	./22S1R2A-5.ffnGBGCCEJI_02511	96.757	370	12	0	1	370	334	703	1.23e-177	617
ASV_1	./22S1R2A-5.ffnGBGCCEJI_00485	96.757	370	12	0	1	370	334	703	1.23e-177	617
ASV_1	./22S1R2A-5.ffnGBGCCEJI_00001	96.757	370	12	0	1	370	334	703	1.23e-177	617
ASV_1	./22S1R2A-14.ffnFNGFHLKM_03409	96.757	370	12	0	1	370	334	703	1.23e-177	617
ASV_1	./22S1R2A-14.ffnFNGFHLKM_01267	96.757	370	12	0	1	370	334	703	1.23e-177	617
ASV_1	./22S1R2A-14.ffnFNGFHLKM_00854	96.757	370	12	0	1	370	334	703	1.23e-177	617
ASV_1	./22R2L9-4.ffnMAEFOCNI_03872	96.757	370	12	0	1	370	334	703	1.23e-177	617
ASV_1	./22R1VL55-2.ffnOKIKGCAG_03368	96.757	370	12	0	1	370	334	703	1.23e-177	617
ASV_1	./22R1VL55-2.ffnOKIKGCAG_01293	96.757	370	12	0	1	370	334	703	1.23e-177	617
ASV_1	./22R1R2A-23.ffnMBOLEFIO_03755	96.757	370	12	0	1	370	334	703	1.23e-177	617
ASV_1	./22R1R2A-23.ffnMBOLEFIO_02043	96.757	370	12	0	1	370	334	703	1.23e-177	617
ASV_1	./22R1R2A-23.ffnMBOLEFIO_00001	96.757	370	12	0	1	370	334	703	1.23e-177	617
ASV_1	./22R1R2A-1.ffnKPOCMLJB_02896	96.757	370	12	0	1	370	334	703	1.23e-177	617
ASV_1	./22R1R2A-1.ffnKPOCMLJB_02446	96.757	370	12	0	1	370	334	703	1.23e-177	617
ASV_1	./22R1R2A-1.ffnKPOCMLJB_00605	96.757	370	12	0	1	370	334	703	1.23e-177	617
ASV_1	./22R1PE-3.ffnIGDIIGPI_03566	96.757	370	12	0	1	370	334	703	1.23e-177	617
ASV_1	./22R1PE-3.ffnIGDIIGPI_01941	96.757	370	12	0	1	370	334	703	1.23e-177	617
ASV_1	./22R1PE-3.ffnIGDIIGPI_01259	96.757	370	12	0	1	370	334	703	1.23e-177	617
ASV_1	./22R1PE-37.ffnCIHEBIEA_02573	96.757	370	12	0	1	370	334	703	1.23e-177	617
ASV_1	./22R1PE-37.ffnCIHEBIEA_01841	96.757	370	12	0	1	370	334	703	1.23e-177	617
ASV_1	./22R1PE-37.ffnCIHEBIEA_00001	96.757	370	12	0	1	370	334	703	1.23e-177	617
ASV_1	./22R1PE-29.ffnEHDGJKHN_04065	96.757	370	12	0	1	370	334	703	1.23e-177	617
ASV_1	./22R1PE-29.ffnEHDGJKHN_03322	96.757	370	12	0	1	370	334	703	1.23e-177	617
ASV_1	./22R1PE-29.ffnEHDGJKHN_01600	96.757	370	12	0	1	370	334	703	1.23e-177	617
ASV_1	./22R1PE-20.ffnLKLIMABF_03478	96.757	370	12	0	1	370	334	703	1.23e-177	617
ASV_1	./22R1PE-20.ffnLKLIMABF_03045	96.757	370	12	0	1	370	334	703	1.23e-177	617
ASV_1	./22R1PE-20.ffnLKLIMABF_00001	96.765	371	10	2	1	370	334	703	1.23e-177	617
ASV_1	./22R1PE-14.ffnILFAJJBE_02565	96.757	370	12	0	1	370	334	703	1.23e-177	617
ASV_1	./22R1PE-14.ffnILFAJJBE_01835	96.757	370	12	0	1	370	334	703	1.23e-177	617
ASV_1	./22R1PE-14.ffnILFAJJBE_00001	96.757	370	12	0	1	370	334	703	1.23e-177	617
ASV_1	./22L3R2A-5.ffnIIIFJGEG_03184	96.757	370	12	0	1	370	334	703	1.23e-177	617
ASV_1	./22L3R2A-5.ffnIIIFJGEG_01321	96.757	370	12	0	1	370	334	703	1.23e-177	617
ASV_1	./22L3R2A-5.ffnIIIFJGEG_00623	96.757	370	12	0	1	370	334	703	1.23e-177	617
ASV_1	./22L2R2A-7.ffnEMENONAM_02389	96.757	370	12	0	1	370	334	703	1.23e-177	617
ASV_1	./22L2R2A-7.ffnEMENONAM_00687	96.757	370	12	0	1	370	334	703	1.23e-177	617
ASV_1	./22L2R2A-7.ffnEMENONAM_00006	96.757	370	12	0	1	370	334	703	1.23e-177	617
ASV_1	./22L2R2A-3.ffnDBPCJCEJ_02402	96.757	370	12	0	1	370	334	703	1.23e-177	617
ASV_1	./22L2R2A-3.ffnDBPCJCEJ_01719	96.757	370	12	0	1	370	334	703	1.23e-177	617
ASV_1	./22L2R2A-3.ffnDBPCJCEJ_00006	96.757	370	12	0	1	370	334	703	1.23e-177	617
ASV_1	./22L1VL55-3.ffnNMBLGGLP_04763	96.757	370	12	0	1	370	335	704	1.23e-177	617
ASV_1	./22L1VL55-3.ffnNMBLGGLP_02619	96.757	370	12	0	1	370	334	703	1.23e-177	617
ASV_1	./22L1VL55-3.ffnNMBLGGLP_01973	96.757	370	12	0	1	370	334	703	1.23e-177	617
ASV_1	./22L1R2A-16.ffnGMBGKHJG_03617	96.757	370	12	0	1	370	334	703	1.23e-177	617
ASV_1	./22L1R2A-16.ffnGMBGKHJG_01647	96.757	370	12	0	1	370	334	703	1.23e-177	617
ASV_1	./22L1R2A-16.ffnGMBGKHJG_00001	96.757	370	12	0	1	370	334	703	1.23e-177	617
ASV_1	./22L1NFb-8.ffnGAGCNHGL_02838	96.757	370	12	0	1	370	334	703	1.23e-177	617
ASV_1	./22L1NFb-8.ffnGAGCNHGL_00983	96.757	370	12	0	1	370	334	703	1.23e-177	617
ASV_1	./22L1NFb-8.ffnGAGCNHGL_00254	96.757	370	12	0	1	370	334	703	1.23e-177	617
ASV_1	./22L1NFb-2.ffnFBPBKGNK_01232	96.757	370	12	0	1	370	334	703	1.23e-177	617
ASV_1	./22H2VL55-5.ffnDNODLNMO_03165	96.757	370	12	0	1	370	334	703	1.23e-177	617
ASV_1	./22H2VL55-5.ffnDNODLNMO_00394	96.765	371	11	1	1	370	335	705	1.23e-177	617
ASV_1	./22H2R2A-13.ffnJALCBDLG_04966	96.757	370	12	0	1	370	334	703	1.23e-177	617
ASV_1	./22H2R2A-13.ffnJALCBDLG_02686	96.757	370	12	0	1	370	334	703	1.23e-177	617
ASV_1	./22H2R2A-12.ffnKHMMGGHN_05386	96.757	370	12	0	1	370	334	703	1.23e-177	617
ASV_1	./22H2R2A-12.ffnKHMMGGHN_03279	96.757	370	12	0	1	370	334	703	1.23e-177	617
ASV_1	./22H2R2A-12.ffnKHMMGGHN_03069	96.757	370	12	0	1	370	334	703	1.23e-177	617
ASV_1	./22H1R2A-26.ffnJNKOHJGC_00521	96.757	370	12	0	1	370	334	703	1.23e-177	617
ASV_1	./22H1R2A-26.ffnJNKOHJGC_00006	96.757	370	12	0	1	370	334	703	1.23e-177	617
ASV_1	./22H1R2A-22.ffnMAIKGPMF_03145	96.757	370	12	0	1	370	333	702	1.23e-177	617
ASV_1	./22H1R2A-22.ffnMAIKGPMF_02623	96.757	370	12	0	1	370	334	703	1.23e-177	617
ASV_1	./22H1R2A-18.ffnJFJOHDAI_04684	96.757	370	12	0	1	370	334	703	1.23e-177	617
ASV_1	./22H1R2A-18.ffnJFJOHDAI_00001	96.757	370	12	0	1	370	334	703	1.23e-177	617
ASV_1	./22H1NFb-6.ffnINAAKPLJ_03991	96.757	370	12	0	1	370	334	703	1.23e-177	617
ASV_1	./22H1NFb-6.ffnINAAKPLJ_02254	96.757	370	12	0	1	370	334	703	1.23e-177	617
ASV_1	./22H1NFb-6.ffnINAAKPLJ_01818	96.757	370	12	0	1	370	334	703	1.23e-177	617
ASV_1	./22H1NFb-1.ffnHLBMLPFH_05358	96.757	370	12	0	1	370	334	703	1.23e-177	617
ASV_1	./22H1NFb-1.ffnHLBMLPFH_02950	96.757	370	12	0	1	370	334	703	1.23e-177	617
ASV_1	./22A3VL55-10.ffnOCBPBDJM_00159	96.757	370	12	0	1	370	334	703	1.23e-177	617
ASV_1	./22A3PE-6.ffnPCOOEBFG_02735	96.757	370	12	0	1	370	334	703	1.23e-177	617
ASV_1	./22A3PE-6.ffnPCOOEBFG_00831	96.757	370	12	0	1	370	334	703	1.23e-177	617
ASV_1	./22A3PE-6.ffnPCOOEBFG_00362	96.757	370	12	0	1	370	334	703	1.23e-177	617
ASV_1	./22A2VL55-1.ffnMHKMPGIJ_00928	96.757	370	12	0	1	370	333	702	1.23e-177	617
ASV_1	./22A1VL55-2.ffnJNPNLPIB_03145	96.757	370	12	0	1	370	334	703	1.23e-177	617
ASV_1	./22A1VL55-2.ffnJNPNLPIB_00842	96.757	370	12	0	1	370	334	703	1.23e-177	617
ASV_1	./22A1VL55-2.ffnJNPNLPIB_00005	96.757	370	12	0	1	370	333	702	1.23e-177	617
ASV_1	./22A1R2A-5.ffnEEEKMCOJ_04680	96.757	370	12	0	1	370	334	703	1.23e-177	617
ASV_1	./22A1R2A-5.ffnEEEKMCOJ_00647	96.757	370	12	0	1	370	334	703	1.23e-177	617
ASV_1	./22A1R2A-2.ffnHGMFAOFD_03024	96.757	370	12	0	1	370	334	703	1.23e-177	617
ASV_1	./22A1R2A-2.ffnHGMFAOFD_02511	96.757	370	12	0	1	370	334	703	1.23e-177	617
ASV_1	./22A1R2A-2.ffnHGMFAOFD_00375	96.757	370	12	0	1	370	334	703	1.23e-177	617
ASV_1	./22A1R2A-13.ffnJAMEJKGF_03458	96.757	370	12	0	1	370	334	703	1.23e-177	617
ASV_1	./22A1R2A-13.ffnJAMEJKGF_00540	96.757	370	12	0	1	370	333	702	1.23e-177	617
ASV_1	./22A1R2A-13.ffnJAMEJKGF_00006	96.757	370	12	0	1	370	333	702	1.23e-177	617
ASV_1	./22A1R2A-12.ffnINNPHOEM_02862	96.757	370	12	0	1	370	334	703	1.23e-177	617
ASV_1	./22A1R2A-12.ffnINNPHOEM_02027	96.757	370	12	0	1	370	334	703	1.23e-177	617
ASV_1	./22A1R2A-12.ffnINNPHOEM_00006	96.757	370	12	0	1	370	334	703	1.23e-177	617
ASV_1	./22H2R2A-17.ffnNGAIPCCF_01609	96.486	370	13	0	1	370	334	703	5.71e-176	612
ASV_1	./22H2R2A-17.ffnNGAIPCCF_00032	96.486	370	13	0	1	370	334	703	5.71e-176	612
ASV_1	./22H2R2A-12.ffnKHMMGGHN_07728	96.496	371	11	2	1	370	333	702	5.71e-176	612
ASV_1	./22H1R2A-26.ffnJNKOHJGC_03058	96.486	370	13	0	1	370	334	703	5.71e-176	612
ASV_1	./22H1R2A-22.ffnMAIKGPMF_00006	96.486	370	13	0	1	370	334	703	5.71e-176	612
ASV_1	./22R2L9-4.ffnMAEFOCNI_05393	96.486	370	12	1	1	370	334	702	2.06e-175	610
ASV_1	./22R2L9-4.ffnMAEFOCNI_04411	96.486	370	12	1	1	370	334	702	2.06e-175	610
ASV_1	./22R1VL55-2.ffnOKIKGCAG_04287	96.486	370	12	1	1	370	334	702	2.06e-175	610
ASV_1	./22A2VL55-1.ffnMHKMPGIJ_03518	96.486	370	12	1	1	370	333	701	2.06e-175	610
ASV_1	./22A2VL55-1.ffnMHKMPGIJ_00006	96.486	370	12	1	1	370	334	702	2.06e-175	610
ASV_1	./22A1R2A-5.ffnEEEKMCOJ_02839	96.486	370	12	1	1	370	334	702	2.06e-175	610
ASV_1	./22H2R2A-13.ffnJALCBDLG_02086	96.226	371	12	2	1	370	334	703	2.66e-174	606
ASV_1	./22R1VL55-8.ffnDHKMOBBD_00486	95.989	374	10	4	1	370	336	708	3.44e-173	603
ASV_1	./22A3VL55-7.ffnEKFAKCLG_00991	96.237	372	7	6	1	370	332	698	3.44e-173	603
ASV_1	./22L1VL55-8.ffnPBBFALKB_00154	95.968	372	12	3	1	370	334	704	1.24e-172	601
ASV_1	./22H1R2A-18.ffnJFJOHDAI_02109	95.946	370	13	2	1	370	334	701	4.45e-172	599
ASV_1	./22H1NFb-1.ffnHLBMLPFH_03426	95.957	371	12	3	1	370	334	702	4.45e-172	599
ASV_1	./22H1R2A-16.ffnGODPPIGG_10394	96.000	375	2	10	1	370	339	705	1.60e-171	597
ASV_1	./22A3R2A-3.ffnBGEJLEAN_04341	95.430	372	15	2	1	370	334	705	7.44e-170	592
ASV_1	./22S1PE-18.ffnNGKABOJN_00711	95.455	374	8	9	1	370	327	695	9.63e-169	588
ASV_1	./22R3PE-5.ffnCHAJGIFB_04933	95.174	373	14	4	1	370	331	702	3.46e-168	586
ASV_1	./22A3VL55-3.ffnCEKBPCIF_06398	95.161	372	14	4	1	370	333	702	1.25e-167	584
ASV_1	./22A3VL55-3.ffnCEKBPCIF_03835	95.174	373	12	6	1	370	334	703	1.25e-167	584
ASV_1	./22A2L9-4.ffnPAMCPOGF_03665	94.865	370	19	0	1	370	336	705	5.80e-166	579
ASV_1	./22A2L9-4.ffnPAMCPOGF_03204	94.865	370	19	0	1	370	336	705	5.80e-166	579
ASV_1	./22A2L9-4.ffnPAMCPOGF_00579	94.865	370	19	0	1	370	336	705	5.80e-166	579
ASV_1	./22H1R2A-17.ffnBJKDNJME_00554	94.444	378	11	9	1	370	333	708	2.70e-164	573
ASV_1	./22R3PE-5.ffnCHAJGIFB_00059	93.817	372	15	8	1	370	330	695	3.51e-158	553
ASV_1	./22R3PE-13.ffnJFLLJCGM_05077	92.593	378	16	11	1	367	339	715	4.58e-152	532
ASV_1	./22R3PE-5.ffnCHAJGIFB_03053	91.489	376	17	12	1	370	332	698	3.59e-143	503
ASV_1	./22R3L9-1.ffnKDDFBJAC_03988	90.933	386	18	13	1	370	336	720	3.59e-143	503
ASV_1	./22A3VL55-2.ffnJAKLCKFN_08891	91.049	391	8	18	1	370	335	719	3.59e-143	503
ASV_1	./22A3VL55-3.ffnCEKBPCIF_03270	90.237	379	20	14	1	370	332	702	6.05e-136	479
ASV_1	./22S1L9-2.ffnKHLKJMBH_01741	87.433	374	39	7	1	370	372	741	2.87e-119	424
ASV_1	./22S1L9-2.ffnKHLKJMBH_01191	87.433	374	39	7	1	370	373	742	2.87e-119	424
ASV_1	./22S1L9-2.ffnKHLKJMBH_00443	87.433	374	39	7	1	370	371	740	2.87e-119	424
ASV_1	./22S1L9-2.ffnKHLKJMBH_00234	87.433	374	39	7	1	370	372	741	2.87e-119	424
ASV_1	./22R1L9-3.ffnEHAAFIAI_05133	87.433	374	39	7	1	370	371	740	2.87e-119	424
ASV_1	./22R1L9-3.ffnEHAAFIAI_04019	87.433	374	39	7	1	370	371	740	2.87e-119	424
ASV_1	./22R1L9-3.ffnEHAAFIAI_03428	87.433	374	39	7	1	370	372	741	2.87e-119	424
ASV_1	./22R1L9-3.ffnEHAAFIAI_02905	87.433	374	39	7	1	370	371	740	2.87e-119	424
ASV_1	./22A3VL55-2.ffnJAKLCKFN_00012	87.927	381	18	23	1	370	325	688	2.87e-119	424
ASV_1	./22L1PE-8.ffnNOJCMCPP_03317	86.898	374	39	8	2	370	335	703	2.24e-115	411
ASV_1	./22L1PE-8.ffnNOJCMCPP_00652	86.898	374	39	8	2	370	335	703	2.24e-115	411
ASV_1	./22R1PE-2.ffnONIBGMCH_04574	86.486	370	46	4	1	368	334	701	3.74e-113	403
ASV_1	./22R1PE-2.ffnONIBGMCH_03660	86.486	370	46	4	1	368	334	701	3.74e-113	403
ASV_1	./22R1PE-2.ffnONIBGMCH_03456	86.486	370	46	4	1	368	334	701	3.74e-113	403
ASV_1	./22R1PE-2.ffnONIBGMCH_00651	86.486	370	46	4	1	368	334	701	3.74e-113	403
ASV_1	./22R1PE-2.ffnONIBGMCH_00005	86.486	370	46	4	1	368	334	701	3.74e-113	403
ASV_1	./22H1NFb-4.ffnPNGPGGFC_00046	86.486	370	46	4	1	368	332	699	3.74e-113	403
ASV_1	./22R1PE-30.ffnAGIAIJFI_05304	86.216	370	47	4	1	368	336	703	1.74e-111	398
ASV_1	./22R1PE-30.ffnAGIAIJFI_05245	86.216	370	47	4	1	368	336	703	1.74e-111	398
ASV_1	./22R1PE-30.ffnAGIAIJFI_04990	86.216	370	47	4	1	368	336	703	1.74e-111	398
ASV_1	./22R1PE-30.ffnAGIAIJFI_00005	86.216	370	47	4	1	368	336	703	1.74e-111	398
ASV_1	./22S2R2A-15.ffnCAJKDBEI_11087	85.908	369	50	2	1	368	336	703	8.10e-110	392
ASV_1	./22S2R2A-15.ffnCAJKDBEI_10335	85.908	369	50	2	1	368	336	703	8.10e-110	392
ASV_1	./22S2R2A-15.ffnCAJKDBEI_07721	85.908	369	50	2	1	368	336	703	8.10e-110	392
ASV_1	./22S2R2A-15.ffnCAJKDBEI_05773	85.908	369	50	2	1	368	336	703	8.10e-110	392
ASV_1	./22L1PE-3.ffnEELOIJMC_05075	85.908	369	50	2	1	368	336	703	8.10e-110	392
ASV_1	./22L1PE-3.ffnEELOIJMC_04977	85.908	369	50	2	1	368	336	703	8.10e-110	392
ASV_1	./22L1PE-3.ffnEELOIJMC_01396	85.908	369	50	2	1	368	336	703	8.10e-110	392
ASV_1	./22L1PE-3.ffnEELOIJMC_00366	85.908	369	50	2	1	368	336	703	8.10e-110	392
ASV_1	./22H1NFb-10.ffnBHFLNDIE_00209	85.908	369	50	2	1	368	336	703	8.10e-110	392
ASV_1	./22A3NFb-3.ffnNKBALGLB_00689	85.908	369	50	2	1	368	336	703	8.10e-110	392
ASV_1	./22S1PE-26.ffnKBKHAGOL_00006	85.753	372	49	4	1	370	331	700	2.91e-109	390
ASV_1	./22S1PE-26.ffnKBKHAGOL_01792	85.676	370	51	2	1	370	331	698	1.05e-108	388
ASV_1	./22S1NFb-5.ffnIJCOJALA_05415	85.637	369	51	2	1	368	334	701	3.77e-108	387
ASV_1	./22S1NFb-5.ffnIJCOJALA_04009	85.637	369	51	2	1	368	334	701	3.77e-108	387
ASV_1	./22S1NFb-5.ffnIJCOJALA_03274	85.637	369	51	2	1	368	334	701	3.77e-108	387
ASV_1	./22S1NFb-3.ffnAJMCMMHP_01138	85.637	369	51	2	1	368	334	701	3.77e-108	387
ASV_1	./22S1NFb-3.ffnAJMCMMHP_01137	85.637	369	51	2	1	368	334	701	3.77e-108	387
ASV_1	./22S1NFb-4.ffnBOPLCMOB_02100	85.676	370	47	6	1	368	334	699	1.36e-107	385
ASV_1	./22A2R2A-1.ffnCONJACIG_01586	84.574	376	32	23	16	370	361	731	4.95e-97	350
ASV_1	./22L3VL55-1.ffnIAGIMLCO_00119	84.156	385	26	28	1	362	334	706	2.98e-94	340
ASV_1	./22A3VL55-1.ffnGLCIBDIH_05435	84.553	369	20	24	13	370	343	685	1.79e-91	331
ASV_1	./22A2VL55-1.ffnMHKMPGIJ_06071	85.337	341	25	19	1	333	67	390	6.44e-91	329
ASV_1	./22A1R2A-1.ffnJNNMENMP_04633	92.453	212	7	6	1	207	334	541	2.35e-80	294
ASV_1	./22S2R2A-4.ffnNFKDFKDC_08809	81.882	287	45	7	87	370	475	757	1.45e-62	235
ASV_1	./22R3VL55-1.ffnOBACHGKH_04549	81.882	287	44	8	87	370	475	756	1.45e-62	235
ASV_1	./22R1S1G-3.ffnBMOGKICN_03715	82.418	273	44	4	100	370	490	760	1.45e-62	235
ASV_1	./22R1S1G-3.ffnBMOGKICN_00549	82.418	273	44	4	100	370	490	760	1.45e-62	235
ASV_1	./22R1PE-18.ffnDGMHDIKC_01568	82.418	273	44	4	100	370	490	760	1.45e-62	235
ASV_1	./22R1PE-18.ffnDGMHDIKC_01390	82.418	273	44	4	100	370	490	760	1.45e-62	235
ASV_1	./22R1PE-18.ffnDGMHDIKC_01030	82.418	273	44	4	100	370	490	760	1.45e-62	235
ASV_1	./22R1PE-18.ffnDGMHDIKC_00889	82.418	273	44	4	100	370	490	760	1.45e-62	235
ASV_1	./22R1PE-18.ffnDGMHDIKC_00736	82.418	273	44	4	100	370	490	760	1.45e-62	235
ASV_1	./22R1PE-18.ffnDGMHDIKC_00327	82.418	273	44	4	100	370	490	760	1.45e-62	235
ASV_1	./22L3PE-8.ffnKOJOEPEK_03076	81.882	287	45	7	87	370	477	759	1.45e-62	235
ASV_1	./22L3PE-8.ffnKOJOEPEK_01340	81.818	286	46	6	87	370	478	759	1.45e-62	235
ASV_1	./22H3S1G-1.ffnOGIGFNGM_06477	82.418	273	44	4	100	370	24	294	1.45e-62	235
ASV_1	./22H3S1G-1.ffnOGIGFNGM_06052	82.418	273	44	4	100	370	490	760	1.45e-62	235
ASV_1	./22S1PE-30.ffnHBODBHAI_00001	81.882	287	43	9	87	370	474	754	5.20e-62	233
ASV_1	./22R3VL55-1.ffnOBACHGKH_06374	81.882	287	42	9	87	370	482	761	5.20e-62	233
ASV_1	./22R1S1G-3.ffnBMOGKICN_04288	82.418	273	43	5	100	370	490	759	5.20e-62	233
ASV_1	./22R1S1G-3.ffnBMOGKICN_04130	82.418	273	43	5	100	370	490	759	5.20e-62	233
ASV_1	./22R1S1G-3.ffnBMOGKICN_00367	82.418	273	43	5	100	370	490	759	5.20e-62	233
ASV_1	./22R1S1G-3.ffnBMOGKICN_00038	82.418	273	43	5	100	370	490	759	5.20e-62	233
ASV_1	./22R1S1G-3.ffnBMOGKICN_00001	82.418	273	43	5	100	370	490	759	5.20e-62	233
ASV_1	./22R1PE-18.ffnDGMHDIKC_01067	82.418	273	43	5	100	370	490	759	5.20e-62	233
ASV_1	./22R1PE-15.ffnGOJEBFAO_01325	82.418	273	43	5	100	370	490	759	5.20e-62	233
ASV_1	./22S3R2A-1.ffnBBEGNAFN_01808	81.533	287	47	6	87	370	477	760	1.87e-61	231
ASV_1	./22S3R2A-1.ffnBBEGNAFN_00895	81.533	287	47	6	87	370	477	760	1.87e-61	231
ASV_1	./22S3R2A-1.ffnBBEGNAFN_00443	81.533	287	47	6	87	370	475	758	1.87e-61	231
ASV_1	./22S2R2A-17.ffnJOFJGHOL_03261	81.533	287	47	6	87	370	477	760	1.87e-61	231
ASV_1	./22S2R2A-13.ffnJDAGMNMG_26038	81.533	287	47	6	87	370	478	761	1.87e-61	231
ASV_1	./22S1R2A-2.ffnOKHDMEIF_02321	81.533	287	47	6	87	370	475	758	1.87e-61	231
ASV_1	./22S1R2A-2.ffnOKHDMEIF_01765	81.533	287	47	6	87	370	476	759	1.87e-61	231
ASV_1	./22S1R2A-2.ffnOKHDMEIF_01503	81.533	287	47	6	87	370	475	758	1.87e-61	231
ASV_1	./22S1R2A-2.ffnOKHDMEIF_01381	81.533	287	47	6	87	370	475	758	1.87e-61	231
ASV_1	./22S1R2A-2.ffnOKHDMEIF_01100	81.533	287	47	6	87	370	477	760	1.87e-61	231
ASV_1	./22S1PE-30.ffnHBODBHAI_04269	81.533	287	47	6	87	370	477	760	1.87e-61	231
ASV_1	./22R3VL55-1.ffnOBACHGKH_05173	81.533	287	47	6	87	370	475	758	1.87e-61	231
ASV_1	./22R1R2A-20.ffnCLBABGGC_03307	81.533	287	47	6	87	370	477	760	1.87e-61	231
ASV_1	./22R1R2A-20.ffnCLBABGGC_03056	81.533	287	47	6	87	370	475	758	1.87e-61	231
ASV_1	./22R1R2A-20.ffnCLBABGGC_02661	81.533	287	47	6	87	370	477	760	1.87e-61	231
ASV_1	./22R1R2A-20.ffnCLBABGGC_00001	81.533	287	47	6	87	370	477	760	1.87e-61	231
ASV_1	./22R1R2A-19.ffnHFDCPEON_01582	81.533	287	47	6	87	370	477	760	1.87e-61	231
ASV_1	./22R1R2A-19.ffnHFDCPEON_01547	81.533	287	47	6	87	370	477	760	1.87e-61	231
ASV_1	./22R1R2A-19.ffnHFDCPEON_01332	81.533	287	47	6	87	370	475	758	1.87e-61	231
ASV_1	./22R1R2A-19.ffnHFDCPEON_00935	81.533	287	47	6	87	370	477	760	1.87e-61	231
ASV_1	./22R1R2A-19.ffnHFDCPEON_00466	81.533	287	47	6	87	370	477	760	1.87e-61	231
ASV_1	./22R1R2A-17.ffnNNFHGHOL_03752	81.533	287	47	6	87	370	475	758	1.87e-61	231
ASV_1	./22R1R2A-17.ffnNNFHGHOL_03638	81.533	287	47	6	87	370	477	760	1.87e-61	231
ASV_1	./22R1R2A-17.ffnNNFHGHOL_03358	81.533	287	47	6	87	370	477	760	1.87e-61	231
ASV_1	./22R1R2A-17.ffnNNFHGHOL_02894	81.533	287	47	6	87	370	477	760	1.87e-61	231
ASV_1	./22R1R2A-13.ffnFHANFMGG_01385	81.533	287	47	6	87	370	477	760	1.87e-61	231
ASV_1	./22R1R2A-13.ffnFHANFMGG_00524	81.533	287	47	6	87	370	475	758	1.87e-61	231
ASV_1	./22R1R2A-13.ffnFHANFMGG_00309	81.533	287	47	6	87	370	477	760	1.87e-61	231
ASV_1	./22R1R2A-13.ffnFHANFMGG_00273	81.533	287	47	6	87	370	477	760	1.87e-61	231
ASV_1	./22L3VL55-3.ffnJIOEALEI_01817	81.533	287	47	6	87	370	477	760	1.87e-61	231
ASV_1	./22L3PE-8.ffnKOJOEPEK_02005	81.533	287	47	6	87	370	475	758	1.87e-61	231
ASV_1	./22L3PE-8.ffnKOJOEPEK_01298	81.533	287	47	6	87	370	477	760	1.87e-61	231
ASV_1	./22L3PE-5.ffnCBEKBFCE_00555	81.533	287	47	6	87	370	477	760	1.87e-61	231
ASV_1	./22L3PE-5.ffnCBEKBFCE_00273	81.533	287	47	6	87	370	477	760	1.87e-61	231
ASV_1	./22L3PE-4.ffnGLIMNGHJ_01122	81.533	287	47	6	87	370	477	760	1.87e-61	231
ASV_1	./22L3PE-3.ffnBLNNELPA_00441	81.533	287	47	6	87	370	477	760	1.87e-61	231
ASV_1	./22L3PE-3.ffnBLNNELPA_00160	81.533	287	47	6	87	370	477	760	1.87e-61	231
ASV_1	./22L3PE-2.ffnOMGCNDHI_04902	81.533	287	47	6	87	370	476	759	1.87e-61	231
ASV_1	./22L3PE-2.ffnOMGCNDHI_01596	81.533	287	47	6	87	370	477	760	1.87e-61	231
ASV_1	./22L3PE-2.ffnOMGCNDHI_01376	81.533	287	47	6	87	370	475	758	1.87e-61	231
ASV_1	./22L3PE-2.ffnOMGCNDHI_01259	81.533	287	47	6	87	370	477	760	1.87e-61	231
ASV_1	./22L3PE-2.ffnOMGCNDHI_00489	81.533	287	47	6	87	370	477	760	1.87e-61	231
ASV_1	./22L3PE-1.ffnOBKKEBIM_00001	81.533	287	47	6	87	370	477	760	1.87e-61	231
ASV_1	./22L2R2A-9.ffnJNGNLCFH_02033	81.533	287	47	6	87	370	475	758	1.87e-61	231
ASV_1	./22L2R2A-9.ffnJNGNLCFH_00025	81.533	287	47	6	87	370	475	758	1.87e-61	231
ASV_1	./22L2R2A-5.ffnCPAIDABI_02078	81.533	287	47	6	87	370	475	758	1.87e-61	231
ASV_1	./22L2R2A-5.ffnCPAIDABI_00906	81.533	287	47	6	87	370	475	758	1.87e-61	231
ASV_1	./22L2R2A-5.ffnCPAIDABI_00358	81.533	287	47	6	87	370	475	758	1.87e-61	231
ASV_1	./22L2R2A-2.ffnBCLPMIDF_06807	81.533	287	47	6	87	370	475	758	1.87e-61	231
ASV_1	./22L2R2A-2.ffnBCLPMIDF_06276	81.533	287	47	6	87	370	475	758	1.87e-61	231
ASV_1	./22L2R2A-2.ffnBCLPMIDF_06241	81.533	287	47	6	87	370	475	758	1.87e-61	231
ASV_1	./22L2R2A-2.ffnBCLPMIDF_06030	81.533	287	47	6	87	370	475	758	1.87e-61	231
ASV_1	./22L2R2A-2.ffnBCLPMIDF_05914	81.533	287	47	6	87	370	475	758	1.87e-61	231
ASV_1	./22L2R2A-2.ffnBCLPMIDF_05637	81.533	287	47	6	87	370	475	758	1.87e-61	231
ASV_1	./22L2R2A-2.ffnBCLPMIDF_05176	81.533	287	47	6	87	370	475	758	1.87e-61	231
ASV_1	./22L2R2A-11.ffnDFLBGOHE_03809	81.533	287	47	6	87	370	475	758	1.87e-61	231
ASV_1	./22L2R2A-11.ffnDFLBGOHE_03597	81.533	287	47	6	87	370	475	758	1.87e-61	231
ASV_1	./22L2R2A-11.ffnDFLBGOHE_03562	81.533	287	47	6	87	370	475	758	1.87e-61	231
ASV_1	./22L2R2A-11.ffnDFLBGOHE_00001	81.533	287	47	6	87	370	475	758	1.87e-61	231
ASV_1	./22L1NFb-4.ffnPEBMDOOO_05007	81.533	287	47	6	87	370	475	758	1.87e-61	231
ASV_1	./22L1NFb-4.ffnPEBMDOOO_04071	81.533	287	47	6	87	370	475	758	1.87e-61	231
ASV_1	./22L1NFb-4.ffnPEBMDOOO_02674	81.533	287	47	6	87	370	475	758	1.87e-61	231
ASV_1	./22L1NFb-4.ffnPEBMDOOO_01490	81.533	287	47	6	87	370	475	758	1.87e-61	231
ASV_1	./22H3PE-7.ffnAMGGJMLB_16568	81.533	287	47	6	87	370	477	760	1.87e-61	231
ASV_1	./22H3PE-7.ffnAMGGJMLB_12789	81.533	287	47	6	87	370	477	760	1.87e-61	231
ASV_1	./22H3PE-7.ffnAMGGJMLB_06580	81.533	287	47	6	87	370	477	760	1.87e-61	231
ASV_1	./22H3PE-7.ffnAMGGJMLB_06366	81.533	287	47	6	87	370	477	760	1.87e-61	231
ASV_1	./22H3PE-7.ffnAMGGJMLB_01955	81.533	287	47	6	87	370	478	761	1.87e-61	231
ASV_1	./22H3PE-7.ffnAMGGJMLB_01457	81.533	287	47	6	87	370	477	760	1.87e-61	231
ASV_1	./22H3PE-7.ffnAMGGJMLB_00918	81.533	287	47	6	87	370	475	758	1.87e-61	231
ASV_1	./22H1VL55-2.ffnJONEKBMJ_00573	81.533	287	47	6	87	370	477	760	1.87e-61	231
ASV_1	./22H1VL55-1.ffnFMNFOMBC_00332	81.597	288	45	8	87	370	475	758	1.87e-61	231
ASV_1	./22H1R2A-15.ffnDKPNNJIA_01486	81.533	287	47	6	87	370	476	759	1.87e-61	231
ASV_1	./22S3R2A-1.ffnBBEGNAFN_04447	81.533	287	46	7	87	370	475	757	6.72e-61	230
ASV_1	./22S3R2A-1.ffnBBEGNAFN_01191	81.533	287	46	7	87	370	475	757	6.72e-61	230
ASV_1	./22S3R2A-1.ffnBBEGNAFN_01151	81.533	287	46	7	87	370	477	759	6.72e-61	230
ASV_1	./22S3R2A-1.ffnBBEGNAFN_00762	81.533	287	46	7	87	370	477	759	6.72e-61	230
ASV_1	./22S3PE-12.ffnHKCMLDDP_05865	81.533	287	45	8	87	370	473	754	6.72e-61	230
ASV_1	./22S3PE-11.ffnFOHNLEDP_01430	81.533	287	46	7	87	370	477	759	6.72e-61	230
ASV_1	./22S2R2A-17.ffnJOFJGHOL_04510	81.533	287	46	7	87	370	475	757	6.72e-61	230
ASV_1	./22S2R2A-17.ffnJOFJGHOL_03747	81.533	287	46	7	87	370	475	757	6.72e-61	230
ASV_1	./22S2R2A-17.ffnJOFJGHOL_03703	81.533	287	46	7	87	370	477	759	6.72e-61	230
ASV_1	./22S2R2A-17.ffnJOFJGHOL_03404	81.533	287	46	7	87	370	477	759	6.72e-61	230
ASV_1	./22S2R2A-17.ffnJOFJGHOL_02925	81.533	287	46	7	87	370	475	757	6.72e-61	230
ASV_1	./22S2R2A-17.ffnJOFJGHOL_00305	81.533	287	46	7	87	370	477	759	6.72e-61	230
ASV_1	./22S1R2A-2.ffnOKHDMEIF_01724	81.533	287	46	7	87	370	475	757	6.72e-61	230
ASV_1	./22S1R2A-2.ffnOKHDMEIF_00649	81.533	287	46	7	87	370	475	757	6.72e-61	230
ASV_1	./22S1PE-30.ffnHBODBHAI_04230	81.533	287	46	7	87	370	477	759	6.72e-61	230
ASV_1	./22S1PE-30.ffnHBODBHAI_03616	81.533	287	46	7	87	370	475	757	6.72e-61	230
ASV_1	./22S1PE-30.ffnHBODBHAI_01009	81.533	287	46	7	87	370	477	759	6.72e-61	230
ASV_1	./22S1PE-30.ffnHBODBHAI_00462	81.533	287	46	7	87	370	477	759	6.72e-61	230
ASV_1	./22S1PE-30.ffnHBODBHAI_00137	81.533	287	45	8	87	370	477	758	6.72e-61	230
ASV_1	./22S1PE-29.ffnDIPHDHGP_04627	81.533	287	46	7	87	370	476	758	6.72e-61	230
ASV_1	./22S1PE-29.ffnDIPHDHGP_04072	81.533	287	46	7	87	370	477	759	6.72e-61	230
ASV_1	./22S1PE-29.ffnDIPHDHGP_03747	81.533	287	45	8	87	370	477	758	6.72e-61	230
ASV_1	./22S1PE-29.ffnDIPHDHGP_03618	81.533	287	46	7	87	370	475	757	6.72e-61	230
ASV_1	./22S1PE-29.ffnDIPHDHGP_03364	81.533	287	45	8	87	370	477	758	6.72e-61	230
ASV_1	./22S1PE-29.ffnDIPHDHGP_03321	81.533	287	46	7	87	370	476	758	6.72e-61	230
ASV_1	./22S1PE-29.ffnDIPHDHGP_02700	81.533	287	45	8	87	370	475	756	6.72e-61	230
ASV_1	./22R3VL55-1.ffnOBACHGKH_07268	81.533	287	46	7	87	370	475	757	6.72e-61	230
ASV_1	./22R3VL55-1.ffnOBACHGKH_05593	81.533	287	46	7	87	370	475	757	6.72e-61	230
ASV_1	./22R3PE-6.ffnNIOBMGFK_03887	81.533	287	46	7	87	370	475	757	6.72e-61	230
ASV_1	./22R3PE-6.ffnNIOBMGFK_02963	81.533	287	45	8	87	370	475	756	6.72e-61	230
ASV_1	./22R3PE-6.ffnNIOBMGFK_02819	81.533	287	46	7	87	370	475	757	6.72e-61	230
ASV_1	./22R3PE-6.ffnNIOBMGFK_02575	81.533	287	45	8	87	370	475	756	6.72e-61	230
ASV_1	./22R3PE-6.ffnNIOBMGFK_02534	81.533	287	46	7	87	370	475	757	6.72e-61	230
ASV_1	./22R3PE-6.ffnNIOBMGFK_01829	81.533	287	46	7	87	370	475	757	6.72e-61	230
ASV_1	./22R1R2A-20.ffnCLBABGGC_03271	81.533	287	46	7	87	370	477	759	6.72e-61	230
ASV_1	./22R1R2A-20.ffnCLBABGGC_02941	81.533	287	46	7	87	370	477	759	6.72e-61	230
ASV_1	./22R1R2A-20.ffnCLBABGGC_02194	81.533	287	46	7	87	370	477	759	6.72e-61	230
ASV_1	./22R1R2A-19.ffnHFDCPEON_02114	81.533	287	46	7	87	370	475	757	6.72e-61	230
ASV_1	./22R1R2A-19.ffnHFDCPEON_01215	81.533	287	46	7	87	370	477	759	6.72e-61	230
ASV_1	./22R1R2A-17.ffnNNFHGHOL_03968	81.533	287	46	7	87	370	477	759	6.72e-61	230
ASV_1	./22R1R2A-17.ffnNNFHGHOL_00694	81.533	287	46	7	87	370	475	757	6.72e-61	230
ASV_1	./22R1R2A-17.ffnNNFHGHOL_00163	81.533	287	46	7	87	370	477	759	6.72e-61	230
ASV_1	./22R1R2A-13.ffnFHANFMGG_03570	81.533	287	46	7	87	370	475	757	6.72e-61	230
ASV_1	./22R1R2A-13.ffnFHANFMGG_00921	81.533	287	46	7	87	370	477	759	6.72e-61	230
ASV_1	./22R1R2A-13.ffnFHANFMGG_00639	81.533	287	46	7	87	370	477	759	6.72e-61	230
ASV_1	./22L3VL55-3.ffnJIOEALEI_02622	81.533	287	46	7	87	370	477	759	6.72e-61	230
ASV_1	./22L3VL55-3.ffnJIOEALEI_02115	81.533	287	46	7	87	370	477	759	6.72e-61	230
ASV_1	./22L3VL55-3.ffnJIOEALEI_01697	81.533	287	46	7	87	370	475	757	6.72e-61	230
ASV_1	./22L3VL55-3.ffnJIOEALEI_01464	81.533	287	46	7	87	370	477	759	6.72e-61	230
ASV_1	./22L3VL55-3.ffnJIOEALEI_01425	81.533	287	46	7	87	370	477	759	6.72e-61	230
ASV_1	./22L3VL55-3.ffnJIOEALEI_00852	81.533	287	46	7	87	370	475	757	6.72e-61	230
ASV_1	./22L3PE-8.ffnKOJOEPEK_03558	81.533	287	46	7	87	370	475	757	6.72e-61	230
ASV_1	./22L3PE-8.ffnKOJOEPEK_03415	81.533	287	46	7	87	370	477	759	6.72e-61	230
ASV_1	./22L3PE-8.ffnKOJOEPEK_02492	81.533	287	46	7	87	370	477	759	6.72e-61	230
ASV_1	./22L3PE-5.ffnCBEKBFCE_03800	81.533	287	46	7	87	370	477	759	6.72e-61	230
ASV_1	./22L3PE-5.ffnCBEKBFCE_03764	81.533	287	46	7	87	370	477	759	6.72e-61	230
ASV_1	./22L3PE-5.ffnCBEKBFCE_03228	81.533	287	46	7	87	370	475	757	6.72e-61	230
ASV_1	./22L3PE-5.ffnCBEKBFCE_01026	81.533	287	46	7	87	370	477	759	6.72e-61	230
ASV_1	./22L3PE-5.ffnCBEKBFCE_00156	81.533	287	46	7	87	370	475	757	6.72e-61	230
ASV_1	./22L3PE-4.ffnGLIMNGHJ_03311	81.533	287	46	7	87	370	475	757	6.72e-61	230
ASV_1	./22L3PE-4.ffnGLIMNGHJ_00654	81.533	287	46	7	87	370	477	759	6.72e-61	230
ASV_1	./22L3PE-4.ffnGLIMNGHJ_00373	81.533	287	46	7	87	370	477	759	6.72e-61	230
ASV_1	./22L3PE-4.ffnGLIMNGHJ_00257	81.533	287	46	7	87	370	475	757	6.72e-61	230
ASV_1	./22L3PE-4.ffnGLIMNGHJ_00040	81.533	287	46	7	87	370	477	759	6.72e-61	230
ASV_1	./22L3PE-4.ffnGLIMNGHJ_00004	81.533	287	46	7	87	370	477	759	6.72e-61	230
ASV_1	./22L3PE-3.ffnBLNNELPA_03873	81.533	287	46	7	87	370	475	757	6.72e-61	230
ASV_1	./22L3PE-3.ffnBLNNELPA_03657	81.533	287	46	7	87	370	477	759	6.72e-61	230
ASV_1	./22L3PE-3.ffnBLNNELPA_03622	81.533	287	46	7	87	370	477	759	6.72e-61	230
ASV_1	./22L3PE-3.ffnBLNNELPA_03091	81.533	287	46	7	87	370	475	757	6.72e-61	230
ASV_1	./22L3PE-3.ffnBLNNELPA_00901	81.533	287	46	7	87	370	477	759	6.72e-61	230
ASV_1	./22L3PE-2.ffnOMGCNDHI_00964	81.533	287	46	7	87	370	477	759	6.72e-61	230
ASV_1	./22L3PE-1.ffnOBKKEBIM_03750	81.533	287	46	7	87	370	475	757	6.72e-61	230
ASV_1	./22L3PE-1.ffnOBKKEBIM_03533	81.533	287	46	7	87	370	477	759	6.72e-61	230
ASV_1	./22L3PE-1.ffnOBKKEBIM_03498	81.533	287	46	7	87	370	477	759	6.72e-61	230
ASV_1	./22L3PE-1.ffnOBKKEBIM_02960	81.533	287	46	7	87	370	475	757	6.72e-61	230
ASV_1	./22L3PE-1.ffnOBKKEBIM_00760	81.533	287	46	7	87	370	477	759	6.72e-61	230
ASV_1	./22L3PE-1.ffnOBKKEBIM_00287	81.533	287	46	7	87	370	477	759	6.72e-61	230
ASV_1	./22L3PE-12.ffnIMDNBIAB_00161	81.533	287	46	7	87	370	477	759	6.72e-61	230
ASV_1	./22L2R2A-9.ffnJNGNLCFH_02753	81.533	287	46	7	87	370	475	757	6.72e-61	230
ASV_1	./22L2R2A-9.ffnJNGNLCFH_00351	81.533	287	46	7	87	370	475	757	6.72e-61	230
ASV_1	./22L2R2A-9.ffnJNGNLCFH_00232	81.533	287	46	7	87	370	475	757	6.72e-61	230
ASV_1	./22L2R2A-5.ffnCPAIDABI_01600	81.533	287	46	7	87	370	475	757	6.72e-61	230
ASV_1	./22L2R2A-5.ffnCPAIDABI_01155	81.533	287	46	7	87	370	475	757	6.72e-61	230
ASV_1	./22L2R2A-5.ffnCPAIDABI_00942	81.533	287	46	7	87	370	477	759	6.72e-61	230
ASV_1	./22L2R2A-11.ffnDFLBGOHE_03036	81.533	287	46	7	87	370	475	757	6.72e-61	230
ASV_1	./22L2R2A-11.ffnDFLBGOHE_00743	81.533	287	46	7	87	370	475	757	6.72e-61	230
ASV_1	./22L2R2A-11.ffnDFLBGOHE_00278	81.533	287	46	7	87	370	475	757	6.72e-61	230
ASV_1	./22L1NFb-5.ffnJNCJCPHN_01230	81.533	287	46	7	87	370	475	757	6.72e-61	230
ASV_1	./22L1NFb-4.ffnPEBMDOOO_01926	81.533	287	46	7	87	370	475	757	6.72e-61	230
ASV_1	./22L1NFb-4.ffnPEBMDOOO_01644	81.533	287	46	7	87	370	477	759	6.72e-61	230
ASV_1	./22L1NFb-1.ffnBFMLGMEI_04833	81.533	287	46	7	87	370	477	759	6.72e-61	230
ASV_1	./22H3R2A-7.ffnCIAFPKEM_02786	81.533	287	45	8	87	370	473	754	6.72e-61	230
ASV_1	./22H3PE-7.ffnAMGGJMLB_16845	81.533	287	46	7	87	370	477	759	6.72e-61	230
ASV_1	./22H1VL55-2.ffnJONEKBMJ_03507	81.533	287	46	7	87	370	477	759	6.72e-61	230
ASV_1	./22H1VL55-2.ffnJONEKBMJ_02015	81.533	287	46	7	87	370	474	756	6.72e-61	230
ASV_1	./22H1VL55-2.ffnJONEKBMJ_01368	81.533	287	45	8	87	370	475	756	6.72e-61	230
ASV_1	./22H1VL55-2.ffnJONEKBMJ_00858	81.533	287	46	7	87	370	477	759	6.72e-61	230
ASV_1	./22H1VL55-2.ffnJONEKBMJ_00529	81.533	287	46	7	87	370	474	756	6.72e-61	230
ASV_1	./22H1VL55-1.ffnFMNFOMBC_02608	81.533	287	46	7	87	370	477	759	6.72e-61	230
ASV_1	./22H1VL55-1.ffnFMNFOMBC_01903	81.533	287	46	7	87	370	475	757	6.72e-61	230
ASV_1	./22H1VL55-1.ffnFMNFOMBC_01859	81.533	287	46	7	87	370	477	759	6.72e-61	230
ASV_1	./22H1VL55-1.ffnFMNFOMBC_01558	81.533	287	46	7	87	370	478	760	6.72e-61	230
ASV_1	./22H1VL55-1.ffnFMNFOMBC_01402	81.533	287	46	7	87	370	476	758	6.72e-61	230
ASV_1	./22H1VL55-1.ffnFMNFOMBC_01016	81.533	287	46	7	87	370	475	757	6.72e-61	230
ASV_1	./22H1R2A-15.ffnDKPNNJIA_06681	81.533	287	45	8	87	370	475	756	6.72e-61	230
ASV_1	./22H1R2A-15.ffnDKPNNJIA_06639	81.533	287	46	7	87	370	477	759	6.72e-61	230
ASV_1	./22H1R2A-15.ffnDKPNNJIA_06329	81.533	287	46	7	87	370	477	759	6.72e-61	230
ASV_1	./22H1R2A-15.ffnDKPNNJIA_06173	81.533	287	46	7	87	370	477	759	6.72e-61	230
ASV_1	./22H1R2A-15.ffnDKPNNJIA_05108	81.533	287	46	7	87	370	475	757	6.72e-61	230
ASV_1	./22A2R2A-6.ffnKCMKPCJJ_03419	78.571	392	52	16	1	364	359	746	6.72e-61	230
ASV_1	./22R3PE-6.ffnNIOBMGFK_03307	81.533	287	44	9	87	370	474	754	2.42e-60	228
ASV_1	./22S2R2A-4.ffnNFKDFKDC_00887	81.185	287	48	6	87	370	475	758	8.70e-60	226
ASV_1	./22S2R2A-14.ffnOJHNHGKK_08701	81.185	287	48	6	87	370	475	758	8.70e-60	226
ASV_1	./22S2R2A-14.ffnOJHNHGKK_02490	81.185	287	48	6	87	370	475	758	8.70e-60	226
ASV_1	./22S2R2A-14.ffnOJHNHGKK_00238	81.185	287	48	6	87	370	475	758	8.70e-60	226
ASV_1	./22S2R2A-13.ffnJDAGMNMG_28518	81.185	287	48	6	87	370	475	758	8.70e-60	226
ASV_1	./22R3VL55-1.ffnOBACHGKH_04590	81.250	288	46	8	87	370	474	757	8.70e-60	226
ASV_1	./22R1S1G-1.ffnDNGDBMCC_00228	81.185	287	48	6	87	370	475	758	8.70e-60	226
ASV_1	./22R1S1G-1.ffnDNGDBMCC_00001	81.185	287	48	6	87	370	475	758	8.70e-60	226
ASV_1	./22H3PE-8.ffnGMLNNOGN_05686	81.185	287	48	6	87	370	475	758	8.70e-60	226
ASV_1	./22H3PE-8.ffnGMLNNOGN_00658	81.185	287	48	6	87	370	475	758	8.70e-60	226
ASV_1	./22H3PE-8.ffnGMLNNOGN_00572	81.185	287	48	6	87	370	475	758	8.70e-60	226
ASV_1	./22H3PE-7.ffnAMGGJMLB_18118	81.185	287	48	6	87	370	475	758	8.70e-60	226
ASV_1	./22H3PE-7.ffnAMGGJMLB_17437	81.185	287	48	6	87	370	475	758	8.70e-60	226
ASV_1	./22H3PE-7.ffnAMGGJMLB_16041	81.185	287	48	6	87	370	475	758	8.70e-60	226
ASV_1	./22H3PE-7.ffnAMGGJMLB_12706	81.185	287	48	6	87	370	475	758	8.70e-60	226
ASV_1	./22A1S1G-5.ffnLAHHFBJJ_09248	81.185	287	48	6	87	370	475	758	8.70e-60	226
ASV_1	./22A1S1G-5.ffnLAHHFBJJ_09193	81.185	287	48	6	87	370	475	758	8.70e-60	226
ASV_1	./22A1S1G-5.ffnLAHHFBJJ_08502	81.185	287	48	6	87	370	475	758	8.70e-60	226
ASV_1	./22A1S1G-5.ffnLAHHFBJJ_08167	81.185	287	48	6	87	370	475	758	8.70e-60	226
ASV_1	./22A1S1G-5.ffnLAHHFBJJ_07568	81.185	287	48	6	87	370	475	758	8.70e-60	226
ASV_1	./22A1S1G-5.ffnLAHHFBJJ_03967	81.185	287	48	6	87	370	475	758	8.70e-60	226
ASV_1	./22S2R2A-9.ffnLNOLKECA_02086	81.185	287	47	7	87	370	475	757	3.13e-59	224
ASV_1	./22S2R2A-9.ffnLNOLKECA_01454	81.185	287	47	7	87	370	475	757	3.13e-59	224
ASV_1	./22S2R2A-9.ffnLNOLKECA_00919	81.185	287	47	7	87	370	475	757	3.13e-59	224
ASV_1	./22S2R2A-9.ffnLNOLKECA_00788	81.185	287	47	7	87	370	475	757	3.13e-59	224
ASV_1	./22S2R2A-9.ffnLNOLKECA_00705	81.185	287	47	7	87	370	475	757	3.13e-59	224
ASV_1	./22S2R2A-9.ffnLNOLKECA_00664	81.185	287	47	7	87	370	475	757	3.13e-59	224
ASV_1	./22S2R2A-9.ffnLNOLKECA_00004	81.185	287	47	7	87	370	475	757	3.13e-59	224
ASV_1	./22S2R2A-15.ffnCAJKDBEI_18631	81.185	287	47	7	87	370	475	757	3.13e-59	224
ASV_1	./22S2R2A-15.ffnCAJKDBEI_17902	81.185	287	47	7	87	370	475	757	3.13e-59	224
ASV_1	./22S2R2A-15.ffnCAJKDBEI_17588	81.185	287	47	7	87	370	475	757	3.13e-59	224
ASV_1	./22S2R2A-15.ffnCAJKDBEI_13893	81.185	287	47	7	87	370	475	757	3.13e-59	224
ASV_1	./22S2R2A-15.ffnCAJKDBEI_13726	81.185	287	47	7	87	370	475	757	3.13e-59	224
ASV_1	./22S2R2A-15.ffnCAJKDBEI_13608	81.185	287	47	7	87	370	475	757	3.13e-59	224
ASV_1	./22S2R2A-15.ffnCAJKDBEI_00598	81.185	287	47	7	87	370	475	757	3.13e-59	224
ASV_1	./22S2R2A-14.ffnOJHNHGKK_10212	81.185	287	47	7	87	370	475	757	3.13e-59	224
ASV_1	./22S2R2A-14.ffnOJHNHGKK_10127	81.185	287	47	7	87	370	475	757	3.13e-59	224
ASV_1	./22S2R2A-14.ffnOJHNHGKK_07663	81.185	287	47	7	87	370	475	757	3.13e-59	224
ASV_1	./22S2R2A-14.ffnOJHNHGKK_00052	81.185	287	47	7	87	370	475	757	3.13e-59	224
ASV_1	./22S2R2A-13.ffnJDAGMNMG_28832	81.185	287	47	7	87	370	475	757	3.13e-59	224
ASV_1	./22R3VL55-1.ffnOBACHGKH_04964	81.315	289	43	9	87	370	471	753	3.13e-59	224
ASV_1	./22R3S1G-5.ffnBGFFPJIG_02978	81.185	287	46	8	87	370	475	756	3.13e-59	224
ASV_1	./22R3S1G-1.ffnMCJJKJPB_05020	81.685	273	46	4	100	370	489	759	3.13e-59	224
ASV_1	./22R3S1G-1.ffnMCJJKJPB_00951	81.685	273	46	4	100	370	490	760	3.13e-59	224
ASV_1	./22R3S1G-1.ffnMCJJKJPB_00678	81.685	273	46	4	100	370	490	760	3.13e-59	224
ASV_1	./22R1S1G-1.ffnDNGDBMCC_04245	81.185	287	47	7	87	370	475	757	3.13e-59	224
ASV_1	./22R1S1G-1.ffnDNGDBMCC_03635	81.185	287	47	7	87	370	475	757	3.13e-59	224
ASV_1	./22R1S1G-1.ffnDNGDBMCC_00892	81.185	287	47	7	87	370	475	757	3.13e-59	224
ASV_1	./22R1S1G-1.ffnDNGDBMCC_00268	81.185	287	47	7	87	370	476	758	3.13e-59	224
ASV_1	./22R1S1G-1.ffnDNGDBMCC_00144	81.185	287	47	7	87	370	475	757	3.13e-59	224
ASV_1	./22L2R2A-5.ffnCPAIDABI_01274	81.185	287	46	8	87	370	475	756	3.13e-59	224
ASV_1	./22H3VL55-5.ffnLIOGFACN_04817	81.185	287	47	7	87	370	474	756	3.13e-59	224
ASV_1	./22H3VL55-5.ffnLIOGFACN_04229	81.185	287	47	7	87	370	474	756	3.13e-59	224
ASV_1	./22H3VL55-5.ffnLIOGFACN_03565	81.185	287	47	7	87	370	474	756	3.13e-59	224
ASV_1	./22H3VL55-5.ffnLIOGFACN_00801	81.185	287	47	7	87	370	476	758	3.13e-59	224
ASV_1	./22H3VL55-5.ffnLIOGFACN_00156	81.185	287	47	7	87	370	474	756	3.13e-59	224
ASV_1	./22H3VL55-5.ffnLIOGFACN_00091	81.185	287	47	7	87	370	475	757	3.13e-59	224
ASV_1	./22H3VL55-5.ffnLIOGFACN_00001	81.185	287	47	7	87	370	475	757	3.13e-59	224
ASV_1	./22H3R2A-7.ffnCIAFPKEM_02503	81.119	286	48	6	87	370	475	756	3.13e-59	224
ASV_1	./22H3R2A-3.ffnHOLOAOGF_04966	81.185	287	46	8	87	370	475	756	3.13e-59	224
ASV_1	./22H3R2A-3.ffnHOLOAOGF_04369	81.185	287	47	7	87	370	474	756	3.13e-59	224
ASV_1	./22H3R2A-3.ffnHOLOAOGF_03676	81.185	287	47	7	87	370	475	757	3.13e-59	224
ASV_1	./22H3R2A-3.ffnHOLOAOGF_00828	81.185	287	47	7	87	370	474	756	3.13e-59	224
ASV_1	./22H3R2A-3.ffnHOLOAOGF_00163	81.185	287	47	7	87	370	475	757	3.13e-59	224
ASV_1	./22H3R2A-3.ffnHOLOAOGF_00093	81.185	287	47	7	87	370	475	757	3.13e-59	224
ASV_1	./22H3R2A-3.ffnHOLOAOGF_00001	81.185	287	47	7	87	370	475	757	3.13e-59	224
ASV_1	./22H3PE-8.ffnGMLNNOGN_05555	81.185	287	47	7	87	370	475	757	3.13e-59	224
ASV_1	./22H3PE-8.ffnGMLNNOGN_01533	81.185	287	47	7	87	370	475	757	3.13e-59	224
ASV_1	./22H3PE-7.ffnAMGGJMLB_15925	81.185	287	47	7	87	370	475	757	3.13e-59	224
ASV_1	./22H2VL55-7.ffnOGHDHHGE_00210	81.185	287	46	8	87	370	475	756	3.13e-59	224
ASV_1	./22H2R2A-1.ffnNDODMADO_05877	81.119	286	48	6	87	370	475	756	3.13e-59	224
ASV_1	./22H1VL55-2.ffnJONEKBMJ_01009	81.185	287	46	8	87	370	477	758	3.13e-59	224
ASV_1	./22H1R2A-15.ffnDKPNNJIA_05795	81.185	287	47	7	87	370	473	755	3.13e-59	224
ASV_1	./22H1PE-1.ffnNJKDKJLI_08608	81.250	288	45	9	87	370	478	760	3.13e-59	224
ASV_1	./22A1PE-6.ffnPEJDNGID_01737	81.185	287	47	7	87	370	265	547	3.13e-59	224
ASV_1	./22R3S1G-1.ffnMCJJKJPB_01640	81.685	273	45	5	100	370	490	759	1.13e-58	222
ASV_1	./22R3S1G-1.ffnMCJJKJPB_00546	81.685	273	45	5	100	370	490	759	1.13e-58	222
ASV_1	./22R3S1G-1.ffnMCJJKJPB_00234	81.685	273	45	5	100	370	490	759	1.13e-58	222
ASV_1	./22R3S1G-1.ffnMCJJKJPB_00197	81.685	273	45	5	100	370	490	759	1.13e-58	222
ASV_1	./22H2R2A-3.ffnKMLKJPCF_04170	90.805	174	5	9	5	171	348	517	1.13e-58	222
ASV_1	./22H2R2A-12.ffnKHMMGGHN_11090	81.185	287	45	9	87	370	474	754	1.13e-58	222
ASV_1	./22S2R2A-7.ffnPJNBOFJI_08380	80.836	287	49	6	87	370	475	758	4.05e-58	220
ASV_1	./22S2R2A-7.ffnPJNBOFJI_07698	80.836	287	49	6	87	370	475	758	4.05e-58	220
ASV_1	./22S2R2A-7.ffnPJNBOFJI_04914	80.836	287	49	6	87	370	475	758	4.05e-58	220
ASV_1	./22S2R2A-7.ffnPJNBOFJI_04191	80.836	287	49	6	87	370	475	758	4.05e-58	220
ASV_1	./22S2R2A-7.ffnPJNBOFJI_04098	80.836	287	49	6	87	370	475	758	4.05e-58	220
ASV_1	./22S2R2A-6.ffnDAGOMMBH_04338	80.836	287	49	6	87	370	475	758	4.05e-58	220
ASV_1	./22S2R2A-14.ffnOJHNHGKK_10537	80.836	287	49	6	87	370	475	758	4.05e-58	220
ASV_1	./22S2R2A-14.ffnOJHNHGKK_10429	80.836	287	49	6	87	370	475	758	4.05e-58	220
ASV_1	./22S2R2A-14.ffnOJHNHGKK_01527	80.836	287	49	6	87	370	475	758	4.05e-58	220
ASV_1	./22S2R2A-13.ffnJDAGMNMG_22288	80.836	287	49	6	87	370	475	758	4.05e-58	220
ASV_1	./22R1PE-38.ffnNDLEJBMP_03908	80.836	287	49	6	87	370	475	758	4.05e-58	220
ASV_1	./22R1PE-38.ffnNDLEJBMP_00710	80.836	287	49	6	87	370	475	758	4.05e-58	220
ASV_1	./22L3S1G-1.ffnMEFEMFHP_04483	80.836	287	49	6	87	370	475	758	4.05e-58	220
ASV_1	./22L3S1G-1.ffnMEFEMFHP_02540	80.836	287	49	6	87	370	475	758	4.05e-58	220
ASV_1	./22L3S1G-1.ffnMEFEMFHP_01528	80.836	287	49	6	87	370	475	758	4.05e-58	220
ASV_1	./22L3S1G-1.ffnMEFEMFHP_00717	80.836	287	49	6	87	370	475	758	4.05e-58	220
ASV_1	./22L3R2A-2.ffnNBCIJNFB_02024	80.836	287	49	6	87	370	475	758	4.05e-58	220
ASV_1	./22L2VL55-2.ffnEJNLEPCH_04007	80.836	287	49	6	87	370	475	758	4.05e-58	220
ASV_1	./22L2VL55-1.ffnDMOJJEPO_02800	80.836	287	49	6	87	370	475	758	4.05e-58	220
ASV_1	./22L1S1G-1.ffnLEDDHKCG_03870	80.836	287	49	6	87	370	475	758	4.05e-58	220
ASV_1	./22L1S1G-1.ffnLEDDHKCG_03407	80.836	287	49	6	87	370	475	758	4.05e-58	220
ASV_1	./22L1S1G-1.ffnLEDDHKCG_01496	80.836	287	49	6	87	370	475	758	4.05e-58	220
ASV_1	./22L1S1G-1.ffnLEDDHKCG_00624	80.836	287	49	6	87	370	475	758	4.05e-58	220
ASV_1	./22L1PE-10.ffnAEPKHHIN_04149	80.836	287	49	6	87	370	475	758	4.05e-58	220
ASV_1	./22L1PE-10.ffnAEPKHHIN_00987	80.836	287	49	6	87	370	475	758	4.05e-58	220
ASV_1	./22L1PE-10.ffnAEPKHHIN_00270	80.836	287	49	6	87	370	476	759	4.05e-58	220
ASV_1	./22L1PE-10.ffnAEPKHHIN_00227	80.836	287	49	6	87	370	475	758	4.05e-58	220
ASV_1	./22L1PE-10.ffnAEPKHHIN_00130	80.836	287	49	6	87	370	475	758	4.05e-58	220
ASV_1	./22L1PE-10.ffnAEPKHHIN_00003	80.836	287	49	6	87	370	476	759	4.05e-58	220
ASV_1	./22L1NFb-9.ffnKPMPEHNG_01447	80.836	287	49	6	87	370	475	758	4.05e-58	220
ASV_1	./22H3S1G-3.ffnCEKGNDPN_02359	80.836	287	49	6	87	370	475	758	4.05e-58	220
ASV_1	./22H3S1G-2.ffnHKCMIGAL_03976	80.836	287	49	6	87	370	475	758	4.05e-58	220
ASV_1	./22H3S1G-2.ffnHKCMIGAL_03510	80.836	287	49	6	87	370	475	758	4.05e-58	220
ASV_1	./22H3S1G-2.ffnHKCMIGAL_01358	80.836	287	49	6	87	370	475	758	4.05e-58	220
ASV_1	./22H3S1G-2.ffnHKCMIGAL_00871	80.836	287	49	6	87	370	475	758	4.05e-58	220
ASV_1	./22H3S1G-2.ffnHKCMIGAL_00594	80.836	287	49	6	87	370	475	758	4.05e-58	220
ASV_1	./22H3S1G-2.ffnHKCMIGAL_00497	80.836	287	49	6	87	370	475	758	4.05e-58	220
ASV_1	./22H3S1G-2.ffnHKCMIGAL_00453	80.836	287	49	6	87	370	475	758	4.05e-58	220
ASV_1	./22H3PE-8.ffnGMLNNOGN_05305	80.836	287	49	6	87	370	475	758	4.05e-58	220
ASV_1	./22H3PE-8.ffnGMLNNOGN_00189	80.836	287	49	6	87	370	475	758	4.05e-58	220
ASV_1	./22H2VL55-7.ffnOGHDHHGE_03460	80.836	287	49	6	87	370	475	758	4.05e-58	220
ASV_1	./22H2VL55-1.ffnIAGJDJPO_03558	80.836	287	49	6	87	370	475	758	4.05e-58	220
ASV_1	./22H2S1G-2.ffnGKHACBHN_04151	80.836	287	49	6	87	370	475	758	4.05e-58	220
ASV_1	./22H2S1G-2.ffnGKHACBHN_03375	80.836	287	49	6	87	370	475	758	4.05e-58	220
ASV_1	./22H2S1G-2.ffnGKHACBHN_00768	80.836	287	49	6	87	370	475	758	4.05e-58	220
ASV_1	./22H2S1G-2.ffnGKHACBHN_00522	80.836	287	49	6	87	370	475	758	4.05e-58	220
ASV_1	./22H2R2A-1.ffnNDODMADO_05706	80.836	287	49	6	87	370	475	758	4.05e-58	220
ASV_1	./22A2S1G-2.ffnCNKAIEIH_01158	80.836	287	49	6	87	370	475	758	4.05e-58	220
ASV_1	./22A2S1G-2.ffnCNKAIEIH_00881	80.836	287	49	6	87	370	475	758	4.05e-58	220
ASV_1	./22A2S1G-1.ffnGPCEJIHH_03803	80.836	287	49	6	87	370	476	759	4.05e-58	220
ASV_1	./22A2S1G-1.ffnGPCEJIHH_01142	80.836	287	49	6	87	370	475	758	4.05e-58	220
ASV_1	./22A2S1G-1.ffnGPCEJIHH_01041	80.836	287	49	6	87	370	476	759	4.05e-58	220
ASV_1	./22A2S1G-1.ffnGPCEJIHH_00440	80.836	287	49	6	87	370	475	758	4.05e-58	220
ASV_1	./22A2NFb-3.ffnFIPACAAA_03720	80.836	287	49	6	87	370	475	758	4.05e-58	220
ASV_1	./22A2NFb-3.ffnFIPACAAA_03437	80.836	287	49	6	87	370	476	759	4.05e-58	220
ASV_1	./22A2NFb-3.ffnFIPACAAA_00491	80.836	287	49	6	87	370	475	758	4.05e-58	220
ASV_1	./22A2NFb-3.ffnFIPACAAA_00446	80.836	287	49	6	87	370	475	758	4.05e-58	220
ASV_1	./22A2NFb-3.ffnFIPACAAA_00344	80.836	287	49	6	87	370	475	758	4.05e-58	220
ASV_1	./22A2NFb-1.ffnENLFFAHH_10104	80.836	287	49	6	87	370	474	757	4.05e-58	220
ASV_1	./22A2NFb-1.ffnENLFFAHH_09452	80.836	287	49	6	87	370	475	758	4.05e-58	220
ASV_1	./22A2NFb-1.ffnENLFFAHH_08070	80.836	287	49	6	87	370	475	758	4.05e-58	220
ASV_1	./22A2NFb-1.ffnENLFFAHH_06775	80.836	287	49	6	87	370	475	758	4.05e-58	220
ASV_1	./22S2R2A-7.ffnPJNBOFJI_08887	80.836	287	48	7	87	370	475	757	1.46e-57	219
ASV_1	./22S2R2A-7.ffnPJNBOFJI_04234	80.836	287	48	7	87	370	475	757	1.46e-57	219
ASV_1	./22S2R2A-6.ffnDAGOMMBH_08029	80.836	287	48	7	87	370	475	757	1.46e-57	219
ASV_1	./22S2R2A-6.ffnDAGOMMBH_05287	80.836	287	48	7	87	370	475	757	1.46e-57	219
ASV_1	./22S2R2A-6.ffnDAGOMMBH_04621	80.836	287	48	7	87	370	475	757	1.46e-57	219
ASV_1	./22S2R2A-6.ffnDAGOMMBH_04581	80.836	287	48	7	87	370	475	757	1.46e-57	219
ASV_1	./22S2R2A-6.ffnDAGOMMBH_04487	80.836	287	48	7	87	370	475	757	1.46e-57	219
ASV_1	./22S2R2A-6.ffnDAGOMMBH_03836	80.836	287	48	7	87	370	475	757	1.46e-57	219
ASV_1	./22S2R2A-5.ffnAMLDAMEH_04857	80.836	287	48	7	87	370	475	757	1.46e-57	219
ASV_1	./22S2R2A-5.ffnAMLDAMEH_04125	80.836	287	48	7	87	370	475	757	1.46e-57	219
ASV_1	./22S2R2A-5.ffnAMLDAMEH_03585	80.836	287	48	7	87	370	475	757	1.46e-57	219
ASV_1	./22S2R2A-5.ffnAMLDAMEH_03430	80.836	287	48	7	87	370	475	757	1.46e-57	219
ASV_1	./22S2R2A-5.ffnAMLDAMEH_03326	80.836	287	48	7	87	370	475	757	1.46e-57	219
ASV_1	./22S2R2A-5.ffnAMLDAMEH_03283	80.836	287	48	7	87	370	475	757	1.46e-57	219
ASV_1	./22S2R2A-5.ffnAMLDAMEH_02569	80.836	287	48	7	87	370	475	757	1.46e-57	219
ASV_1	./22S2R2A-4.ffnNFKDFKDC_08135	80.836	287	48	7	87	370	475	757	1.46e-57	219
ASV_1	./22S2R2A-4.ffnNFKDFKDC_01179	80.836	287	48	7	87	370	476	758	1.46e-57	219
ASV_1	./22S2R2A-4.ffnNFKDFKDC_00834	80.836	287	48	7	87	370	475	757	1.46e-57	219
ASV_1	./22S2R2A-4.ffnNFKDFKDC_00706	80.836	287	48	7	87	370	475	757	1.46e-57	219
ASV_1	./22S2R2A-4.ffnNFKDFKDC_00515	80.836	287	48	7	87	370	475	757	1.46e-57	219
ASV_1	./22S2R2A-14.ffnOJHNHGKK_02579	80.836	287	48	7	87	370	475	757	1.46e-57	219
ASV_1	./22S2R2A-14.ffnOJHNHGKK_02502	80.836	287	48	7	87	370	476	758	1.46e-57	219
ASV_1	./22S2R2A-13.ffnJDAGMNMG_31528	80.836	287	48	7	87	370	475	757	1.46e-57	219
ASV_1	./22S2R2A-13.ffnJDAGMNMG_24456	80.836	287	48	7	87	370	475	757	1.46e-57	219
ASV_1	./22R3S1G-5.ffnBGFFPJIG_04390	80.836	287	48	7	87	370	475	757	1.46e-57	219
ASV_1	./22R3S1G-5.ffnBGFFPJIG_03717	80.836	287	48	7	87	370	475	757	1.46e-57	219
ASV_1	./22R3S1G-5.ffnBGFFPJIG_03245	80.836	287	48	7	87	370	475	757	1.46e-57	219
ASV_1	./22R3S1G-5.ffnBGFFPJIG_03122	80.836	287	48	7	87	370	475	757	1.46e-57	219
ASV_1	./22R3S1G-5.ffnBGFFPJIG_03021	80.836	287	48	7	87	370	475	757	1.46e-57	219
ASV_1	./22R3S1G-5.ffnBGFFPJIG_02250	80.836	287	48	7	87	370	475	757	1.46e-57	219
ASV_1	./22R1PE-7.ffnNKCBGKIB_02798	78.117	393	53	17	1	364	359	747	1.46e-57	219
ASV_1	./22R1PE-7.ffnNKCBGKIB_02793	78.117	393	53	17	1	364	359	747	1.46e-57	219
ASV_1	./22R1PE-38.ffnNDLEJBMP_04606	80.836	287	48	7	87	370	475	757	1.46e-57	219
ASV_1	./22R1PE-38.ffnNDLEJBMP_01349	80.836	287	48	7	87	370	475	757	1.46e-57	219
ASV_1	./22R1PE-38.ffnNDLEJBMP_00231	80.836	287	48	7	87	370	475	757	1.46e-57	219
ASV_1	./22R1PE-38.ffnNDLEJBMP_00104	80.836	287	48	7	87	370	475	757	1.46e-57	219
ASV_1	./22R1PE-38.ffnNDLEJBMP_00005	80.836	287	48	7	87	370	475	757	1.46e-57	219
ASV_1	./22L3S1G-1.ffnMEFEMFHP_05016	80.836	287	48	7	87	370	475	757	1.46e-57	219
ASV_1	./22L3S1G-1.ffnMEFEMFHP_01573	80.836	287	48	7	87	370	475	757	1.46e-57	219
ASV_1	./22L3S1G-1.ffnMEFEMFHP_01420	80.836	287	48	7	87	370	475	757	1.46e-57	219
ASV_1	./22L2VL55-2.ffnEJNLEPCH_08111	80.836	287	48	7	87	370	475	757	1.46e-57	219
ASV_1	./22L2VL55-2.ffnEJNLEPCH_07576	80.836	287	48	7	87	370	475	757	1.46e-57	219
ASV_1	./22L2VL55-2.ffnEJNLEPCH_06860	80.836	287	48	7	87	370	474	756	1.46e-57	219
ASV_1	./22L2VL55-2.ffnEJNLEPCH_03196	80.836	287	48	7	87	370	475	757	1.46e-57	219
ASV_1	./22L2VL55-2.ffnEJNLEPCH_03149	80.836	287	48	7	87	370	475	757	1.46e-57	219
ASV_1	./22L2VL55-2.ffnEJNLEPCH_03038	80.836	287	48	7	87	370	475	757	1.46e-57	219
ASV_1	./22L2VL55-1.ffnDMOJJEPO_04434	80.836	287	48	7	87	370	475	757	1.46e-57	219
ASV_1	./22L2VL55-1.ffnDMOJJEPO_03927	80.836	287	48	7	87	370	474	756	1.46e-57	219
ASV_1	./22L2VL55-1.ffnDMOJJEPO_03792	80.836	287	48	7	87	370	475	757	1.46e-57	219
ASV_1	./22L2VL55-1.ffnDMOJJEPO_03680	80.836	287	48	7	87	370	474	756	1.46e-57	219
ASV_1	./22L2VL55-1.ffnDMOJJEPO_03632	80.836	287	48	7	87	370	475	757	1.46e-57	219
ASV_1	./22L2VL55-1.ffnDMOJJEPO_00001	80.836	287	48	7	87	370	474	756	1.46e-57	219
ASV_1	./22L1S1G-1.ffnLEDDHKCG_00735	80.836	287	48	7	87	370	475	757	1.46e-57	219
ASV_1	./22L1PE-10.ffnAEPKHHIN_03514	80.836	287	48	7	87	370	475	757	1.46e-57	219
ASV_1	./22H3R2A-7.ffnCIAFPKEM_06360	81.784	269	42	7	87	352	475	739	1.46e-57	219
ASV_1	./22H3PE-8.ffnGMLNNOGN_06335	80.836	287	48	7	87	370	475	757	1.46e-57	219
ASV_1	./22H3PE-8.ffnGMLNNOGN_00392	80.836	287	48	7	87	370	475	757	1.46e-57	219
ASV_1	./22H3PE-8.ffnGMLNNOGN_00350	80.836	287	48	7	87	370	475	757	1.46e-57	219
ASV_1	./22H3PE-8.ffnGMLNNOGN_00311	80.836	287	48	7	87	370	475	757	1.46e-57	219
ASV_1	./22H2VL55-7.ffnOGHDHHGE_05026	80.836	287	48	7	87	370	474	756	1.46e-57	219
ASV_1	./22H2VL55-7.ffnOGHDHHGE_01142	80.836	287	48	7	87	370	475	757	1.46e-57	219
ASV_1	./22H2VL55-7.ffnOGHDHHGE_01095	80.836	287	48	7	87	370	475	757	1.46e-57	219
ASV_1	./22H2VL55-7.ffnOGHDHHGE_00989	80.836	287	48	7	87	370	475	757	1.46e-57	219
ASV_1	./22H2VL55-7.ffnOGHDHHGE_00802	80.836	287	48	7	87	370	475	757	1.46e-57	219
ASV_1	./22H2VL55-1.ffnIAGJDJPO_05363	80.836	287	48	7	87	370	475	757	1.46e-57	219
ASV_1	./22H2VL55-1.ffnIAGJDJPO_04489	80.836	287	48	7	87	370	475	757	1.46e-57	219
ASV_1	./22H2VL55-1.ffnIAGJDJPO_03871	80.836	287	48	7	87	370	475	757	1.46e-57	219
ASV_1	./22H2VL55-1.ffnIAGJDJPO_03697	80.836	287	48	7	87	370	475	757	1.46e-57	219
ASV_1	./22H2VL55-1.ffnIAGJDJPO_03599	80.836	287	48	7	87	370	475	757	1.46e-57	219
ASV_1	./22H2S1G-2.ffnGKHACBHN_02725	80.836	287	48	7	87	370	475	757	1.46e-57	219
ASV_1	./22H2S1G-2.ffnGKHACBHN_00618	80.836	287	48	7	87	370	475	757	1.46e-57	219
ASV_1	./22H2S1G-2.ffnGKHACBHN_00481	80.836	287	48	7	87	370	475	757	1.46e-57	219
ASV_1	./22H2R2A-7.ffnJIMJAMMI_02019	80.836	287	48	7	87	370	475	757	1.46e-57	219
ASV_1	./22H2R2A-6.ffnHAAIOPMD_00810	80.836	287	48	7	87	370	474	756	1.46e-57	219
ASV_1	./22H2R2A-2.ffnEFBFONPI_02999	81.716	268	44	5	87	352	475	739	1.46e-57	219
ASV_1	./22H2R2A-2.ffnEFBFONPI_02625	80.836	287	48	7	87	370	475	757	1.46e-57	219
ASV_1	./22H2R2A-2.ffnEFBFONPI_00668	80.836	287	47	7	87	370	475	756	1.46e-57	219
ASV_1	./22H2R2A-1.ffnNDODMADO_06833	80.836	287	48	7	87	370	473	755	1.46e-57	219
ASV_1	./22H2R2A-1.ffnNDODMADO_05830	80.836	287	48	7	87	370	476	758	1.46e-57	219
ASV_1	./22H2R2A-1.ffnNDODMADO_05511	80.769	286	50	5	87	370	474	756	1.46e-57	219
ASV_1	./22H2R2A-1.ffnNDODMADO_04827	80.769	286	49	6	87	370	474	755	1.46e-57	219
ASV_1	./22H2R2A-1.ffnNDODMADO_03883	80.836	287	47	8	87	370	473	754	1.46e-57	219
ASV_1	./22H2R2A-12.ffnKHMMGGHN_02056	80.836	287	48	7	87	370	474	756	1.46e-57	219
ASV_1	./22H2R2A-11.ffnJFLDBAGO_06050	80.836	287	48	7	87	370	474	756	1.46e-57	219
ASV_1	./22H2R2A-11.ffnJFLDBAGO_06000	80.836	287	48	7	87	370	475	757	1.46e-57	219
ASV_1	./22H2R2A-11.ffnJFLDBAGO_05888	80.836	287	48	7	87	370	475	757	1.46e-57	219
ASV_1	./22H2R2A-11.ffnJFLDBAGO_05702	80.836	287	48	7	87	370	475	757	1.46e-57	219
ASV_1	./22H2R2A-11.ffnJFLDBAGO_04176	80.836	287	47	8	87	370	474	755	1.46e-57	219
ASV_1	./22H2R2A-11.ffnJFLDBAGO_00619	80.836	287	47	8	87	370	475	756	1.46e-57	219
ASV_1	./22A2S1G-2.ffnCNKAIEIH_04012	80.836	287	48	7	87	370	475	757	1.46e-57	219
ASV_1	./22A2S1G-2.ffnCNKAIEIH_01899	80.836	287	48	7	87	370	475	757	1.46e-57	219
ASV_1	./22A2S1G-2.ffnCNKAIEIH_01113	80.836	287	48	7	87	370	475	757	1.46e-57	219
ASV_1	./22A2S1G-2.ffnCNKAIEIH_01011	80.836	287	48	7	87	370	476	758	1.46e-57	219
ASV_1	./22A2S1G-2.ffnCNKAIEIH_00402	80.836	287	48	7	87	370	475	757	1.46e-57	219
ASV_1	./22A2S1G-1.ffnGPCEJIHH_01915	80.836	287	48	7	87	370	475	757	1.46e-57	219
ASV_1	./22A2S1G-1.ffnGPCEJIHH_01187	80.836	287	48	7	87	370	475	757	1.46e-57	219
ASV_1	./22A2S1G-1.ffnGPCEJIHH_00915	80.836	287	48	7	87	370	475	757	1.46e-57	219
ASV_1	./22A2NFb-3.ffnFIPACAAA_03154	80.836	287	48	7	87	370	476	758	1.46e-57	219
ASV_1	./22A2NFb-3.ffnFIPACAAA_00216	80.836	287	48	7	87	370	475	757	1.46e-57	219
ASV_1	./22S3PE-11.ffnFOHNLEDP_15283	80.769	286	47	8	87	370	468	747	5.24e-57	217
ASV_1	./22H2VL55-1.ffnIAGJDJPO_02734	80.556	288	49	7	87	370	475	759	1.88e-56	215
ASV_1	./22L1VL55-4.ffnIOJNDNCO_01686	77.394	376	74	9	1	368	358	730	6.77e-56	213
ASV_1	./22L1VL55-4.ffnIOJNDNCO_00001	77.394	376	74	9	1	368	358	730	6.77e-56	213
ASV_1	./22H2R2A-11.ffnJFLDBAGO_05053	80.623	289	45	11	87	370	474	756	6.77e-56	213
ASV_1	./22S1R2A-6.ffnEJCJFBEK_00042	80.277	289	48	8	87	370	477	761	8.76e-55	209
ASV_1	./22L2R2A-2.ffnBCLPMIDF_03757	77.638	398	54	24	1	368	365	757	8.76e-55	209
ASV_1	./22L2R2A-2.ffnBCLPMIDF_00128	77.638	398	54	24	1	368	365	757	8.76e-55	209
ASV_1	./22H2R2A-2.ffnEFBFONPI_02450	80.488	287	43	10	87	370	473	749	3.15e-54	207
ASV_1	./22H2PE-8.ffnFLOOMOJI_05085	97.521	121	1	1	1	121	334	452	1.13e-53	206
ASV_1	./22H3R2A-7.ffnCIAFPKEM_02340	79.930	284	47	10	93	370	484	763	5.27e-52	200
ASV_1	./22H2PE-8.ffnFLOOMOJI_05234	79.495	317	33	28	12	325	311	598	6.82e-51	196
ASV_1	./22H2R2A-12.ffnKHMMGGHN_00038	80.233	258	40	11	100	352	484	735	5.31e-47	183
ASV_1	./22S1NFb-4.ffnBOPLCMOB_03400	93.162	117	8	0	1	117	344	460	1.15e-43	172
ASV_1	./22A2R2A-6.ffnKCMKPCJJ_03435	76.011	371	47	24	1	339	365	725	4.16e-38	154
ASV_1	./22R1R2A-2.ffnOHDGMHJI_00001	76.868	281	57	8	92	368	474	750	1.50e-37	152
